Workbook
Name FromArray_1: _xlfn.ANCHORARRAY(ForWeb!$G$3)

Sheet Read Me
B2: ASUS User Instruction | E2: How to update
E3: PM
B4: Tab: | C4: Usage | E4: Step 1: Download & Paste raw data into column G of RAW.KSP.Link, starting from the first empty row.
B5: Search-Table: | C5: Use this tab to test if your product info is correct and able to be searched | E5: Step 2: Fill in Tagline and KSP in columns C and D of the RAW.KSP.Link sheet.
B6: Raw.KSP.Link | C6: Spec sheet PM updated from EIP-Ecom-PreConfig | E6: Step 3: Notify MKT to upload material file links for the newly added products.
B7: Auto-NX | C7: Sheet containing formulas to auto-generate text in specific format for NX | E7: Step 4: Once MKT report is done, export ForWeb as CSV (UTF-8) and replace the old file on GitHub.
B8: Auto-AIO | C8: Sheet containing formulas to auto-generate text in specific format for AIO | E8: Step 5: Check if the website is working after 3 minutes (include the SPEC and Link bottom)
B9: Auto-PF | C9: Sheet containing formulas to auto-generate text in specific format for PF
B10: ForWeb | C10: Data for export to Website and Search-Table as data resource
B11: MKT name rule | C11: If MKT name is not auto-generated in RAW,KSP,Link, fill it in manually.
E12: MKT
E13: Step 1: Once PM requests, upload the corresponding Google Drive link into column G of RAW.KSP.Link
B14: Website Link | C14: https://astonlu.github.io/AplusContent/ | E14: Step 2: Report back to PM once done
B21: INTERNAL USE ONLY. DO NOT SHARE THIS FILE TO PARTNERS.

Sheet Search-Table
B3: B9406CAA-THX7312WS | C3: ⭠Please input the model name e.g. B1402CVA-NK7110X
B5: Product Name | C5: =IFERROR(INDEX(ForWeb!$C$2:$C$2003, MATCH(B3, ForWeb!$B$2:$B$2003, 0)), "Coming Soon") -> ASUS ExpertBook Ultra | E5: Material Link | F5: =IFERROR(INDEX(ForWeb!$F$2:$F$2003, MATCH(B3, ForWeb!$B$2:$B$2003, 0)), "Coming Soon") -> B9406CAA-THX7312WS - Google Drive
B6: Tagline | C6: =IFERROR(INDEX(ForWeb!$D$2:$D$2003, MATCH(B3, ForWeb!$B$2:$B$2003, 0)), "Coming Soon") -> The Flagship Of The Industry. Period.
B7: KSP | C7: =IFERROR(INDEX(ForWeb!$E$2:$E$2003, MATCH(B3, ForWeb!$B$2:$B$2003, 0)), "Coming Soon") -> - Equiped with a 14-inch 3K tandem OLED Touch screen with up to 1400 nits HDR brightness. - All-metal chassis weighs just up to 0.99 kg, yet delivers 9H durability through Nano Ceramic Technology. - Powered by up to Intel® Core™ Ultra X9 Series 3 processor with Intel® Arc™ graphics, achieving next-level performance.
B8: Title | C8: =IFERROR(INDEX(ForWeb!$H$3:$H$2003, MATCH(B3, ForWeb!$B$3:$B$2003, 0)), "Coming Soon") -> ASUS ExpertBook Ultra (Intel® Core™ Ultra X7 358H/32GB/1TB/Win 11 Home/B9406CAA)
B9: CPU | C9: =IFERROR(INDEX(ForWeb!$I$3:$I$2003, MATCH(B3, ForWeb!$B$3:$B$2003, 0)), "Coming Soon") -> Intel® Core™ Ultra X7 358H 1.9 GHz Intel® AI Boost NPU up to 50 TOPS
B10: GPU | C10: =IFERROR(INDEX(ForWeb!$J$3:$J$2003, MATCH(B3, ForWeb!$B$3:$B$2003, 0)), "Coming Soon") -> Intel® Arc™ Graphics(available for Intel® Core™ Ultra H 5/7/9 with dual channel memory)
B11: OS | C11: =IFERROR(INDEX(ForWeb!$K$3:$K$2003, MATCH(B3, ForWeb!$B$3:$B$2003, 0)), "Coming Soon") -> Windows 11 Home
B12: Panel Size | C12: =IFERROR(INDEX(ForWeb!$M$3:$M$2003, MATCH(B3, ForWeb!$B$3:$B$2003, 0)), "Coming Soon") -> Not Found
B13: Reslolution | C13: =IFERROR(INDEX(ForWeb!$N$3:$N$2003, MATCH(B3, ForWeb!$B$3:$B$2003, 0)), "Coming Soon") -> WQXGA+ (2880 x 1800) 16:10
B14: Brightness | C14: =IFERROR(INDEX(ForWeb!$O$3:$O$2003, MATCH(B3, ForWeb!$B$3:$B$2003, 0)), "Coming Soon") -> 600nits (1400nits HDR peak brightness)
B15: RAM | C15: =IFERROR(INDEX(ForWeb!$P$3:$P$2003, MATCH(B3, ForWeb!$B$3:$B$2003, 0)), "Coming Soon") -> LPDDR5X 32GB
B16: SSD | C16: =IFERROR(INDEX(ForWeb!$Q$3:$Q$2003, MATCH(B3, ForWeb!$B$3:$B$2003, 0)), "Coming Soon") -> 1TB M.2 2280 NVMe™ PCIe® 4.0 SSD
B17: IO Port | C17: =IFERROR(INDEX(ForWeb!$R$3:$R$2003, MATCH(B3, ForWeb!$B$3:$B$2003, 0)), "Coming Soon") -> 2x USB 3.2 Gen 2 Type-A 2x Thunderbolt™ 4, compliant with USB4, support display / power delivery 1x HDMI 2.1 TMDS 1x 3.5mm Combo Audio Jack
B18: Weight (with Battery) | C18: =IFERROR(INDEX(ForWeb!$S$3:$S$2003, MATCH(B3, ForWeb!$B$3:$B$2003, 0)), "Coming Soon") -> 1.10 kg (2.43 lbs)
B19: Size | C19: =IFERROR(INDEX(ForWeb!$T$3:$T$2003, MATCH(B3, ForWeb!$B$3:$B$2003, 0)), "Coming Soon") -> 31.09 x 21.28 x 1.09 ~ 1.64 cm
B20: Expansion Slot | C20: =IFERROR(INDEX(ForWeb!$U$3:$U$2003, MATCH(B3, ForWeb!$B$3:$B$2003, 0)), "Coming Soon") -> 1x M.2 2280 PCIe 4.0x4
B21: Include in the box | C21: =IFERROR(INDEX(ForWeb!$V$3:$V$2003, MATCH(B3, ForWeb!$B$3:$B$2003, 0)), "Coming Soon") -> Sleeve USB3 TO LAN DONGLE
B22: Battery | C22: =IFERROR(INDEX(ForWeb!$W$3:$W$2003, MATCH(B3, ForWeb!$B$3:$B$2003, 0)), "Coming Soon") -> 70WHrs
B23: Power Supply | C23: =IFERROR(INDEX(ForWeb!$X$3:$X$2003, MATCH(B3, ForWeb!$B$3:$B$2003, 0)), "Coming Soon") -> TYPE-C, 90W AC Adapter
B24: Security | C24: =IFERROR(INDEX(ForWeb!$Y$3:$Y$2003, MATCH(B3, ForWeb!$B$3:$B$2003, 0)), "Coming Soon") -> FingerPrint

Sheet Dashboard
Q2: Summary Section | AA2: Incomplete KSP & Link Tracker
Q3: Total Products | T3: =COUNTA('RAW.KSP.LInk'!H3:H1259) -> 393 | U3: =T3/T3 -> 1 | AA3: Missing KSP | AD3: Missing Link
Q4: Total Completed | T4: =COUNTIFS('RAW.KSP.LInk'!E3:E1743,"<>",'RAW.KSP.LInk'!F3:F1743,"<>",'RAW.KSP.LInk'!H3:H1743,"<>") -> 96 | U4: =T4/T3 -> 0.24427481 | AA4: Total Incomplete | AB4: =COUNTIFS('RAW.KSP.LInk'!H3:H756, "<>", 'RAW.KSP.LInk'!E3:E756, "") -> 39 | AD4: Total Incomplete | AE4: =COUNTIFS('RAW.KSP.LInk'!H3:H756, "<>", 'RAW.KSP.LInk'!F3:F756, "") -> 286
Q5: Total Incompleted | T5: =T3-T4 -> 297 | U5: =T5/T3 -> 0.75572519 | AA5: Total Incomplete Rate | AB5: =AB4/T3 -> 0.099236641 | AD5: Total Incomplete Rate | AE5: =AE4/T3 -> 0.72773537
AA6: Missing KSP Product List | AD6: Missing Link Product List
AA8: {=_xlfn._xlws.FILTER('RAW.KSP.LInk'!B3:B1743, ('RAW.KSP.LInk'!E3:E1743 = "") * ('RAW.KSP.LInk'!H3:H1743 <> ""))} -> B1402CBA_ID-NK7850X | AD8: {=_xlfn._xlws.FILTER('RAW.KSP.LInk'!B3:B1743, ('RAW.KSP.LInk'!F3:F1743 = "") * ('RAW.KSP.LInk'!H3:H1743 <> ""))} -> D500SE-380500031W
AA9: EG3408WVAK-BPC385W | AD9: D500SE-382000031W
AA10: EG3408WVAK-BPC585X | AD10: D500SE-382000031X
AA11: EG3408WVAK-BPC515X | AD11: D500SE-385000031W
AA12: EG3408WVAK-BPC785X | AD12: D500SE-385000031X
Q13: Chassis-Type-Level Summary (NX / AIO / PF) | AA13: E1600WKAT-BD182WF | AD13: D500SE-580500033W
Q14: Chassis Type | S14: NX | T14: AIO | U14: PF | AA14: P440VAK-B3851WS | AD14: D500SE-580520033W
Q15: Total Products | S15: =COUNTA('Auto-NX'!A2:A2000) -> 139 | T15: =COUNTA('Auto-AIO'!A2:A2000) -> 163 | U15: =COUNTA('Auto-PF'!A2:A2000) -> 90 | AA15: S501ME-382000013W | AD15: D500SE-585000031W
Q16: Total Completed | S16: {=SUMPRODUCT((LEFT('RAW.KSP.LInk'!H2:H1743,4)="90NX")*('RAW.KSP.LInk'!F2:F1743<>"")*('RAW.KSP.LInk'!E2:E1743<>""))} -> 50 | T16: {=SUMPRODUCT((LEFT('RAW.KSP.LInk'!H2:H1743,4)="90PT")*('RAW.KSP.LInk'!F2:F1743<>"")*('RAW.KSP.LInk'!E2:E1743<>""))} -> 37 | U16: {=SUMPRODUCT((LEFT('RAW.KSP.LInk'!H2:H1743,4)="90PF")*('RAW.KSP.LInk'!F2:F1743<>"")*('RAW.KSP.LInk'!E2:E1743<>""))} -> 9 | AA16: S501ME-385000013W | AD16: D500SE-585000031X
Q17: Total Completion Rate | S17: =S16/S15 -> 0.35971223 | T17: =T16/T15 -> 0.22699387 | U17: =U16/U15 -> 0.1 | AA17: S501ME-585000013W | AD17: D500SE-785000033X
R18: PM Completed | S18: {=SUMPRODUCT((LEFT('RAW.KSP.LInk'!H2:H1743,4)="90NX")*('RAW.KSP.LInk'!E2:E1743<>""))} -> 110 | T18: {=SUMPRODUCT((LEFT('RAW.KSP.LInk'!H2:H1743,4)="90PT")*('RAW.KSP.LInk'!F2:F1743<>""))} -> 41 | U18: {=SUMPRODUCT((LEFT('RAW.KSP.LInk'!H2:H1743,4)="90PF")*('RAW.KSP.LInk'!F2:F1743<>""))} -> 9 | AA18: B5405CCA-NZ5150X | AD18: D500TE-380500033W
R19: PM Completed Rate | S19: =S18/S15 -> 0.79136691 | T19: =T18/T15 -> 0.25153374 | U19: =U18/U15 -> 0.1 | AA19: B5405CVA-NZ5150X | AD19: D500TE-580500035W
R20: PMKT Completed | S20: {=SUMPRODUCT((LEFT('RAW.KSP.LInk'!H2:H1743,4)="90NX")*('RAW.KSP.LInk'!F2:F1743<>""))} -> 57 | T20: {=SUMPRODUCT((LEFT('RAW.KSP.LInk'!H2:H1743,4)="90PT")*('RAW.KSP.LInk'!E2:E1743<>""))} -> 157 | U20: {=SUMPRODUCT((LEFT('RAW.KSP.LInk'!H2:H1743,4)="90PF")*('RAW.KSP.LInk'!E2:E1743<>""))} -> 87 | AA20: B1400CBA-EK7150X | AD20: D500TE-580500035X
R21: PMKT Completed Rate | S21: =S20/S15 -> 0.41007194 | T21: =T20/T15 -> 0.96319018 | U21: =U20/U15 -> 0.96666667 | AA21: B1400CBA-EB5111X | AD21: D500TE-585000032W
AA22: B5402CBA-KI7110X | AD22: D500TE-585000032X
AA23: B1400CBA-EB7111X | AD23: D500TE-780500035W
AA24: B5405CVA-NZ7110X | AD24: D500TE-785000035W
T25: Total Products | U25: 55 | AA25: B5402FBA-HY7110WS | AD25: D500TE-785000035X
T26: Total Completed | U26: 45 | AA26: B1402CBA_ID-NK7850X | AD26: D501SER-385000001W
AA27: B5405CCA-NZ7310X | AD27: D501SER-385000001X
AA28: B5402FBA-HY7110X | AD28: D501SER-585000001W
AA29: B5302FBA-LG7110X | AD29: D501SER-585000001X
AA30: B1400CBA-EK7850X | AD30: D501SER-785000001W
AA31: B1402CBA-NK4149X | AD31: D501SER-785000001X
AA32: B1402CBA-NK5853WS | AD32: DG500MER-715X
AA33: B1402CVA-NK5151X | AD33: S500SE-385000001W
AA34: B3402FBA-EC7150X | AD34: S500SE-585030000W
AA35: B3402FVA-EC7150X | AD35: S500SE-715030000W
AA36: B3402FVA-EC5851WS | AD36: S500TE-3131000300
AA37: B3404CVF-Q55150X | AD37: S500TE-382000002W
AA38: B3404CVA-Q57150X | AD38: S500TE-382000003W
... AA45: CX1405CTA-S65810 | AD45: S500TE-715030002W
AA46: 0 | AD46: S500TE-785000000W
AD47: S500TE-785030002W
AD48: S501MER-385000003W
AD49: S501MER-585000003W
AD50: S501MER-585000003W
AD51: S501MER-785000005W
AD52: S503MER-385018WS
AD53: S503MER-585018WS
AD54: S503MER-785033WS
AD55: PG440VAK-BPC385W
AD56: PG440VAK-BPC585W
AD57: PG440VAK-BPC515W
AD58: PG440VAK-BPC711W
... AD292: CX3402CVA-PQ5150
AD293: 0

Sheet New Search-Table
B3: BG1408CVA-EB7150X | C3: ⭠Please input the model name e.g. B1402CVA-NK7110X
B5: Product Name | C5: {=IFERROR(TRANSPOSE(_xlfn._xlws.FILTER(ForWeb!B2:D2003,ForWeb!A2:A2003=B3)), "Coming Soon")} -> Coming Soon | E5: Material Link | F5: {=IFERROR(TRANSPOSE(_xlfn._xlws.FILTER(ForWeb!E2:E2003,ForWeb!A2:A2003=B3)), "Coming Soon")} -> Coming Soon
B6: Tagline
B7: KSP
B8: Title | C8: {=IFERROR(TRANSPOSE(_xlfn._xlws.FILTER(ForWeb!G3:W2003,ForWeb!A2:A2003=B3)), "Coming Soon")} -> Coming Soon
B9: CPU
B10: OS
B11: Panel Size
B12: Reslolution
B13: Brightness
B14: GPU
B15: RAM
B16: SSD
B17: IO Port
B18: Weight (with Battery)
B19: Size
B20: Expansion Slot
... B24: Security

Sheet RAW.KSP.LInk
B1: Don't edit. Formula inside. | C1: Don't edit. Formula inside. | D1: Paste by PM | E1: Paste by PM | F1: Paste by PMKT | H1: Paste by PM
A2: Sort Source | B2: Model Name | C2: Marketing Name | D2: Tagline | E2: KSP | F2: Link | H2: Part No <-- Raw data paste from here
A3: =IF(ISBLANK(I3),"",H3) -> 90NX07K1-M00050 | B3: =IF(ISBLANK(I3),"",I3) -> BG1408CVA-EB7150X | C3: =IF(ISBLANK(I3),"",IF(LEFT(H3, 4) = "90PF",_xlfn.XLOOKUP(B3,'Auto-PF'!$A$2:$A$500,'Auto-PF'!$B$2:$B$500,"Not found",0),_xlfn.XLOOKUP(LEFT(B3,5),'MKT name rule'!$B$2:$B$322,'MKT name rule'!$C$2:$C$322, "Not found"))) -> ASUS ExpertBook BG1 | D3: Trusted by IT Experts. Built for Worry-Free Business. | E3: - Dual USB-C (PD/DP) with RJ-45, HDMI, USB-A—one cable powers and displays - Tool-less access to an open SO-DIMM and M.2 slot enables rapid RAM or SSD upgrades - 3-year warranty plus MIL-STD-810H toughness ensure built-in long-term reliability | F3: https://drive.google.com/drive/folders/19BWzD60diPJdw9tDwM4rLliwt4sTsrit?usp=drive_link | H3: 90NX07K1-M00050 | I3: BG1408CVA-EB7150X | J3: VSNX07K1-BU1000 | K3: Intel® Core™ i7-1355U Processor 1.7 GHz (12MB Cache, up to 5.0 GHz, 10 cores, 12 Threads) | L3: DDR4 16GB ( 16GB DDR4 on board ) | M3: 512GB 2280 PCIE G4 SSD | N3: Intel® UHD Graphics | O3: Windows 11 Pro 1-month trial for new Microsoft 365 customers. Credit card required. | P3: M365 FREE TRIAL 30D(WW) | Q3: LCD Cover: Star Black, Plastic Top Case: Star Black, Plastic | R3: 1x DDR4 SO-DIMM slot 1x M.2 2280 PCIe 4.0x4 | S3: Front: 720p HD camera Rear: - With privacy shutter World-Facing: - | T3: Audio by Dirac Built-in speaker | U3: Wi-Fi 6(802.11ax) (Dual band) 2*2 + Bluetooth® 5.2 Wireless Card | V3: 1x USB 2.0 Type-A 1x USB 3.2 Gen 1 Type-A 1x USB 3.2 Gen 1 Type-C support power delivery 1x USB 3.2 Gen 2 Type-C support display / power delivery 1x HDMI 1.4, up to 1920x1080p/60Hz 1x 3.5mm Combo Audio Jack 1x RJ45 Gigabit Ethernet | W3: FingerPrint BIOS Booting User Password Protection BIOS setup user password HDD User Password Protection and Security Support Absolute Persistence 2.0 (Computrace) Trusted Platform Module (TPM) 2.0 Fingerprint sensor intergrated with Touchpad Kensington Nano Security Slot™(6x 2.5mm) | X3: Backpack Carry bag USB-C to USB-C cable | Y3: 14.0 | Z3: LED Back-lit-Narrow border | AA3: 250nits | AB3: FHD 1920X1080 16:9 | AC3: Anti-Glare | AD3: NTSC:45% | AE3: non-Touch | AF3: Wide View | AG3: ID,1Y CARRY-IN(ADP)+2Y CARRY-IN | AH3: 1.469 Kg | AI3: 1.305 | AJ3: 32.69 x 21.45 x 1.99 ~ 1.99 cm (12.87" x 8.44" x 0.78" ~ 0.78") | AK3: 42WHrs, 3S1P, 3-cell Li-ion | AL3: TYPE-C, 65W AC Adapter, Output: 20V DC, 3.25A, 65W, Input: 100~240V AC 50/60Hz universal | AN3: N/A | AO3: Backlit Chiclet Keyboard | AP3: W/FINGERPRINT | AQ3: EPEAT Gold Energy star 8.0 FSC Mix TCO Certified RoHS REACH | AR3: US MIL-STD 810H military-grade standard | AT3: LED Backlit
A4: =IF(ISBLANK(I4),"",H4) -> 90NX08Z1-M000S0 | B4: =IF(ISBLANK(I4),"",I4) -> BG1409CVA-S63850W | C4: =IF(ISBLANK(I4),"",IF(LEFT(H4, 4) = "90PF",_xlfn.XLOOKUP(B4,'Auto-PF'!$A$2:$A$500,'Auto-PF'!$B$2:$B$500,"Not found",0),_xlfn.XLOOKUP(LEFT(B4,5),'MKT name rule'!$B$2:$B$322,'MKT name rule'!$C$2:$C$322, "Not found"))) -> ASUS ExpertBook BG1 | D4: Trusted by IT Experts. Built for Worry-Free Business. | E4: - Dual USB-C (PD/DP) with RJ-45, HDMI, USB-A—one cable powers and displays - Tool-less access to an open SO-DIMM and M.2 slot enables rapid RAM or SSD upgrades - 3-year warranty plus MIL-STD-810H toughness ensure built-in long-term reliability | F4: https://drive.google.com/drive/folders/1d5knYxQIEJULaPttrlz6id8RJMjrJBwn?usp=drive_link | H4: 90NX08Z1-M000S0 | I4: BG1409CVA-S63850W | J4: VSNX08Z1-BU2000 | K4: Intel® Core™ i3-1315U Processor 1.2 GHz (10MB Cache, up to 4.5 GHz, 6 cores, 8 Threads) | L4: DDR5 8GB ( 8GB DDR5 SO-DIMM ) | M4: 512GB 2280 PCIE G4 SSD | N4: Intel® UHD Graphics | O4: Windows 11 Home - ASUS recommends Windows 11 Pro for business 1-month trial for new Microsoft 365 customers. Credit card required. | P4: M365 FREE TRIAL 30D(WW) | Q4: LCD Cover: Gentle Grey, Plastic Top Case: Gentle Grey, Plastic | R4: 2x DDR5 SO-DIMM slots 1x M.2 2230 PCIe 4.0x4 1x M.2 2280 PCIe 4.0x4 | S4: Front: 720p HD camera Rear: - With privacy shutter World-Facing: - | T4: Audio by Dirac Built-in speaker Built-in array microphone | U4: Wi-Fi 6E(802.11ax) (Dual band) 2*2 + Bluetooth® 5.4 Wireless Card | V4: 2x USB 3.2 Gen 1 Type-A 2x USB 3.2 Gen 2 Type-C support display / power delivery 1x HDMI 1.4 1x 3.5mm Combo Audio Jack 1x RJ45 Gigabit Ethernet | W4: FingerPrint BIOS Booting User Password Protection BIOS setup user password HDD User Password Protection and Security Support Absolute Persistence 2.0 (Computrace) Trusted Platform Module (TPM) 2.0 Fingerprint sensor intergrated with Touchpad Kensington Nano Security Slot™(6x 2.5mm) | X4: Backpack Carry bag USB-C to USB-C cable | Y4: 14.0 | Z4: LED Back-lit-Narrow border | AA4: 300nits | AB4: FHD 1920X1080 16:9 | AC4: Anti-Glare | AD4: NTSC:45% | AE4: non-Touch | AF4: Wide View | AG4: ID,1Y CARRY-IN(ADP)+2Y CARRY-IN | AH4: 1.4 Kg | AI4: 1.215 | AJ4: 32.45 x 21.44 x 1.97 ~ 1.97 cm (12.78" x 8.44" x 0.78" ~ 0.78") | AK4: 42WHrs, 3S1P, 3-cell Li-ion | AL4: TYPE-C, 65W AC Adapter, Output: 20V DC, 3.25A, 65W, Input: 100~240V AC 50/60Hz universal | AN4: N/A | AO4: Backlit Chiclet Keyboard | AP4: W/FINGERPRINT | AQ4: Energy star 8.0 FSC Mix TCO Certified RoHS REACH | AR4: US MIL-STD 810H military-grade standard | AT4: LED Backlit
A5: =IF(ISBLANK(I5),"",H5) -> 90NX08Z1-M001L0 | B5: =IF(ISBLANK(I5),"",I5) -> BG1409CVA-S67110W | C5: =IF(ISBLANK(I5),"",IF(LEFT(H5, 4) = "90PF",_xlfn.XLOOKUP(B5,'Auto-PF'!$A$2:$A$500,'Auto-PF'!$B$2:$B$500,"Not found",0),_xlfn.XLOOKUP(LEFT(B5,5),'MKT name rule'!$B$2:$B$322,'MKT name rule'!$C$2:$C$322, "Not found"))) -> ASUS ExpertBook BG1 | D5: Trusted by IT Experts. Built for Worry-Free Business. | E5: - Dual USB-C (PD/DP) with RJ-45, HDMI, USB-A—one cable powers and displays - Tool-less access to an open SO-DIMM and M.2 slot enables rapid RAM or SSD upgrades - 3-year warranty plus MIL-STD-810H toughness ensure built-in long-term reliability | F5: https://drive.google.com/drive/folders/1_P9IebbgA0f5l1zXB4UwO2nMqKsKzT7p?usp=drive_link | H5: 90NX08Z1-M001L0 | I5: BG1409CVA-S67110W | J5: VSNX08Z1-BU2000 | K5: Intel® Core™ i7-1355U Processor 1.7 GHz (12MB Cache, up to 5.0 GHz, 10 cores, 12 Threads) | L5: DDR5 16GB ( 8GB DDR5 SO-DIMM *2 ) | M5: 1TB 2280 PCIE G4 SSD | N5: Intel Iris Xᵉ Graphics (available for Intel® Core™ i5/i7/i9 with dual channel memory) | O5: Windows 11 Home - ASUS recommends Windows 11 Pro for business 1-month trial for new Microsoft 365 customers. Credit card required. | P5: M365 FREE TRIAL 30D(WW) | Q5: LCD Cover: Gentle Grey, Plastic Top Case: Gentle Grey, Plastic | R5: 2x DDR5 SO-DIMM slots 1x M.2 2230 PCIe 4.0x4 1x M.2 2280 PCIe 4.0x4 | S5: Front: 720p HD camera Rear: - With privacy shutter World-Facing: - | T5: Audio by Dirac Built-in speaker Built-in array microphone | U5: Wi-Fi 6E(802.11ax) (Dual band) 2*2 + Bluetooth® 5.4 Wireless Card | V5: 2x USB 3.2 Gen 1 Type-A 2x USB 3.2 Gen 2 Type-C support display / power delivery 1x HDMI 1.4 1x 3.5mm Combo Audio Jack 1x RJ45 Gigabit Ethernet | W5: FingerPrint BIOS Booting User Password Protection BIOS setup user password HDD User Password Protection and Security Support Absolute Persistence 2.0 (Computrace) Trusted Platform Module (TPM) 2.0 Fingerprint sensor intergrated with Touchpad Kensington Nano Security Slot™(6x 2.5mm) | X5: Backpack Carry bag USB-C to USB-C cable | Y5: 14.0 | Z5: LED Back-lit-Narrow border | AA5: 300nits | AB5: FHD 1920X1080 16:9 | AC5: Anti-Glare | AD5: NTSC:45% | AE5: non-Touch | AF5: Wide View | AG5: ID,1Y CARRY-IN(ADP)+2Y CARRY-IN | AH5: 1.407 Kg | AI5: 1.215 | AJ5: 32.45 x 21.44 x 1.97 ~ 1.97 cm (12.78" x 8.44" x 0.78" ~ 0.78") | AK5: 50WHrs, 3S1P, 3-cell Li-ion | AL5: TYPE-C, 65W AC Adapter, Output: 20V DC, 3.25A, 65W, Input: 100~240V AC 50/60Hz universal | AN5: N/A | AO5: Backlit Chiclet Keyboard | AP5: W/FINGERPRINT | AQ5: Energy star 8.0 FSC Mix TCO Certified RoHS REACH | AR5: US MIL-STD 810H military-grade standard | AT5: LED Backlit
A6: =IF(ISBLANK(I6),"",H6) -> 90NX08Z1-M001A0 | B6: =IF(ISBLANK(I6),"",I6) -> BG1409CVA-S65150W | C6: =IF(ISBLANK(I6),"",IF(LEFT(H6, 4) = "90PF",_xlfn.XLOOKUP(B6,'Auto-PF'!$A$2:$A$500,'Auto-PF'!$B$2:$B$500,"Not found",0),_xlfn.XLOOKUP(LEFT(B6,5),'MKT name rule'!$B$2:$B$322,'MKT name rule'!$C$2:$C$322, "Not found"))) -> ASUS ExpertBook BG1 | D6: Trusted by IT Experts. Built for Worry-Free Business. | E6: - Dual USB-C (PD/DP) with RJ-45, HDMI, USB-A—one cable powers and displays - Tool-less access to an open SO-DIMM and M.2 slot enables rapid RAM or SSD upgrades - 3-year warranty plus MIL-STD-810H toughness ensure built-in long-term reliability | F6: https://drive.google.com/drive/folders/1JX6Mhv1vf949Z1JaZkF5bjPFcmjhJqrL?usp=drive_link | H6: 90NX08Z1-M001A0 | I6: BG1409CVA-S65150W | J6: VSNX08Z1-BU2000 | K6: Intel® Core™ i5-1334U Processor 1.3 GHz (12MB Cache, up to 4.6 GHz, 10 cores, 12 Threads) | L6: DDR5 16GB ( 8GB DDR5 SO-DIMM *2 ) | M6: 512GB 2280 PCIE G4 SSD | N6: Intel Iris Xᵉ Graphics (available for Intel® Core™ i5/i7/i9 with dual channel memory) | O6: Windows 11 Home - ASUS recommends Windows 11 Pro for business 1-month trial for new Microsoft 365 customers. Credit card required. | P6: M365 FREE TRIAL 30D(WW) | Q6: LCD Cover: Gentle Grey, Plastic Top Case: Gentle Grey, Plastic | R6: 2x DDR5 SO-DIMM slots 1x M.2 2230 PCIe 4.0x4 1x M.2 2280 PCIe 4.0x4 | S6: Front: 720p HD camera Rear: - With privacy shutter World-Facing: - | T6: Audio by Dirac Built-in speaker Built-in array microphone | U6: Wi-Fi 6E(802.11ax) (Dual band) 2*2 + Bluetooth® 5.4 Wireless Card | V6: 2x USB 3.2 Gen 1 Type-A 2x USB 3.2 Gen 2 Type-C support display / power delivery 1x HDMI 1.4 1x 3.5mm Combo Audio Jack 1x RJ45 Gigabit Ethernet | W6: FingerPrint BIOS Booting User Password Protection BIOS setup user password HDD User Password Protection and Security Support Absolute Persistence 2.0 (Computrace) Trusted Platform Module (TPM) 2.0 Fingerprint sensor intergrated with Touchpad Kensington Nano Security Slot™(6x 2.5mm) | X6: Backpack Carry bag USB-C to USB-C cable | Y6: 14.0 | Z6: LED Back-lit-Narrow border | AA6: 300nits | AB6: FHD 1920X1080 16:9 | AC6: Anti-Glare | AD6: NTSC:45% | AE6: non-Touch | AF6: Wide View | AG6: ID,1Y CARRY-IN(ADP)+2Y CARRY-IN | AH6: 1.407 Kg | AI6: 1.215 | AJ6: 32.45 x 21.44 x 1.97 ~ 1.97 cm (12.78" x 8.44" x 0.78" ~ 0.78") | AK6: 50WHrs, 3S1P, 3-cell Li-ion | AL6: TYPE-C, 65W AC Adapter, Output: 20V DC, 3.25A, 65W, Input: 100~240V AC 50/60Hz universal | AN6: N/A | AO6: Backlit Chiclet Keyboard | AP6: W/FINGERPRINT | AQ6: Energy star 8.0 FSC Mix TCO Certified RoHS REACH | AR6: US MIL-STD 810H military-grade standard | AT6: LED Backlit
A7: =IF(ISBLANK(I7),"",H7) -> 90NX08Z1-M00180 | B7: =IF(ISBLANK(I7),"",I7) -> BG1409CVA-S65850W | C7: =IF(ISBLANK(I7),"",IF(LEFT(H7, 4) = "90PF",_xlfn.XLOOKUP(B7,'Auto-PF'!$A$2:$A$500,'Auto-PF'!$B$2:$B$500,"Not found",0),_xlfn.XLOOKUP(LEFT(B7,5),'MKT name rule'!$B$2:$B$322,'MKT name rule'!$C$2:$C$322, "Not found"))) -> ASUS ExpertBook BG1 | D7: Trusted by IT Experts. Built for Worry-Free Business. | E7: - Dual USB-C (PD/DP) with RJ-45, HDMI, USB-A—one cable powers and displays - Tool-less access to an open SO-DIMM and M.2 slot enables rapid RAM or SSD upgrades - 3-year warranty plus MIL-STD-810H toughness ensure built-in long-term reliability | F7: https://drive.google.com/drive/folders/17w243qOUfVGBUWsv7ctQeYEmSAClm8xx?usp=drive_link | H7: 90NX08Z1-M00180 | I7: BG1409CVA-S65850W | J7: VSNX08Z1-BU2000 | K7: Intel® Core™ i5-1334U Processor 1.3 GHz (12MB Cache, up to 4.6 GHz, 10 cores, 12 Threads) | L7: DDR5 8GB ( 8GB DDR5 SO-DIMM ) | M7: 512GB 2280 PCIE G4 SSD | N7: Intel® UHD Graphics | O7: Windows 11 Home - ASUS recommends Windows 11 Pro for business 1-month trial for new Microsoft 365 customers. Credit card required. | P7: M365 FREE TRIAL 30D(WW) | Q7: LCD Cover: Gentle Grey, Plastic Top Case: Gentle Grey, Plastic | R7: 2x DDR5 SO-DIMM slots 1x M.2 2230 PCIe 4.0x4 1x M.2 2280 PCIe 4.0x4 | S7: Front: 720p HD camera Rear: - With privacy shutter World-Facing: - | T7: Audio by Dirac Built-in speaker Built-in array microphone | U7: Wi-Fi 6E(802.11ax) (Dual band) 2*2 + Bluetooth® 5.4 Wireless Card | V7: 2x USB 3.2 Gen 1 Type-A 2x USB 3.2 Gen 2 Type-C support display / power delivery 1x HDMI 1.4 1x 3.5mm Combo Audio Jack 1x RJ45 Gigabit Ethernet | W7: FingerPrint BIOS Booting User Password Protection BIOS setup user password HDD User Password Protection and Security Support Absolute Persistence 2.0 (Computrace) Trusted Platform Module (TPM) 2.0 Fingerprint sensor intergrated with Touchpad Kensington Nano Security Slot™(6x 2.5mm) | X7: Backpack Carry bag USB-C to USB-C cable | Y7: 14.0 | Z7: LED Back-lit-Narrow border | AA7: 300nits | AB7: FHD 1920X1080 16:9 | AC7: Anti-Glare | AD7: NTSC:45% | AE7: non-Touch | AF7: Wide View | AG7: ID,1Y CARRY-IN(ADP)+2Y CARRY-IN | AH7: 1.407 Kg | AI7: 1.215 | AJ7: 32.45 x 21.44 x 1.97 ~ 1.97 cm (12.78" x 8.44" x 0.78" ~ 0.78") | AK7: 50WHrs, 3S1P, 3-cell Li-ion | AL7: TYPE-C, 65W AC Adapter, Output: 20V DC, 3.25A, 65W, Input: 100~240V AC 50/60Hz universal | AN7: N/A | AO7: Backlit Chiclet Keyboard | AP7: W/FINGERPRINT | AQ7: Energy star 8.0 FSC Mix TCO Certified RoHS REACH | AR7: US MIL-STD 810H military-grade standard | AT7: LED Backlit
A8: =IF(ISBLANK(I8),"",H8) -> 90NX07K1-M000J0 | B8: =IF(ISBLANK(I8),"",I8) -> BG1408CVA-EB7150X | C8: =IF(ISBLANK(I8),"",IF(LEFT(H8, 4) = "90PF",_xlfn.XLOOKUP(B8,'Auto-PF'!$A$2:$A$500,'Auto-PF'!$B$2:$B$500,"Not found",0),_xlfn.XLOOKUP(LEFT(B8,5),'MKT name rule'!$B$2:$B$322,'MKT name rule'!$C$2:$C$322, "Not found"))) -> ASUS ExpertBook BG1 | D8: Trusted by IT Experts. Built for Worry-Free Business. | E8: - Dual USB-C (PD/DP) with RJ-45, HDMI, USB-A—one cable powers and displays - Tool-less access to an open SO-DIMM and M.2 slot enables rapid RAM or SSD upgrades - 3-year warranty plus MIL-STD-810H toughness ensure built-in long-term reliability | F8: https://drive.google.com/drive/folders/19BWzD60diPJdw9tDwM4rLliwt4sTsrit?usp=drive_link | H8: 90NX07K1-M000J0 | I8: BG1408CVA-EB7150X | J8: VSNX07K1-BU1000 | K8: Intel® Core™ i7-1355U Processor 1.7 GHz (12MB Cache, up to 5.0 GHz, 10 cores, 12 Threads) | L8: DDR4 16GB ( 8GB DDR4 on board + 8GB DDR4 SO-DIMM ) | M8: 512GB 2280 PCIE G4 SSD | N8: Intel Iris Xᵉ Graphics (available for Intel® Core™ i5/i7/i9 with dual channel memory) | O8: Windows 11 Pro 1-month trial for new Microsoft 365 customers. Credit card required. | P8: M365 FREE TRIAL 30D(WW) | Q8: LCD Cover: Star Black, Plastic Top Case: Star Black, Plastic | R8: 1x DDR4 SO-DIMM slot 1x M.2 2280 PCIe 4.0x4 | S8: Front: 720p HD camera Rear: - With privacy shutter World-Facing: - | T8: Audio by Dirac Built-in speaker | U8: Wi-Fi 6(802.11ax) (Dual band) 2*2 + Bluetooth® 5.2 Wireless Card | V8: 1x USB 2.0 Type-A 1x USB 3.2 Gen 1 Type-A 1x USB 3.2 Gen 1 Type-C support power delivery 1x USB 3.2 Gen 2 Type-C support display / power delivery 1x HDMI 1.4, up to 1920x1080p/60Hz 1x 3.5mm Combo Audio Jack 1x RJ45 Gigabit Ethernet | W8: FingerPrint BIOS Booting User Password Protection BIOS setup user password HDD User Password Protection and Security Support Absolute Persistence 2.0 (Computrace) Trusted Platform Module (TPM) 2.0 Fingerprint sensor intergrated with Touchpad Kensington Nano Security Slot™(6x 2.5mm) | X8: Backpack Carry bag USB-C to USB-C cable | Y8: 14.0 | Z8: LED Back-lit-Narrow border | AA8: 250nits | AB8: FHD 1920X1080 16:9 | AC8: Anti-Glare | AD8: NTSC:45% | AE8: non-Touch | AF8: Wide View | AG8: ID,1Y CARRY-IN(ADP)+2Y CARRY-IN | AH8: 1.469 Kg | AI8: 1.305 | AJ8: 32.69 x 21.45 x 1.99 ~ 1.99 cm (12.87" x 8.44" x 0.78" ~ 0.78") | AK8: 42WHrs, 3S1P, 3-cell Li-ion | AL8: TYPE-C, 65W AC Adapter, Output: 20V DC, 3.25A, 65W, Input: 100~240V AC 50/60Hz universal | AN8: N/A | AO8: Backlit Chiclet Keyboard | AP8: W/FINGERPRINT | AQ8: EPEAT Gold Energy star 8.0 FSC Mix TCO Certified RoHS REACH | AR8: US MIL-STD 810H military-grade standard | AT8: LED Backlit
A9: =IF(ISBLANK(I9),"",H9) -> 90NX08Z1-M001F0 | B9: =IF(ISBLANK(I9),"",I9) -> BG1409CVA-S67150W | C9: =IF(ISBLANK(I9),"",IF(LEFT(H9, 4) = "90PF",_xlfn.XLOOKUP(B9,'Auto-PF'!$A$2:$A$500,'Auto-PF'!$B$2:$B$500,"Not found",0),_xlfn.XLOOKUP(LEFT(B9,5),'MKT name rule'!$B$2:$B$322,'MKT name rule'!$C$2:$C$322, "Not found"))) -> ASUS ExpertBook BG1 | D9: Trusted by IT Experts. Built for Worry-Free Business. | E9: - Dual USB-C (PD/DP) with RJ-45, HDMI, USB-A—one cable powers and displays - Tool-less access to an open SO-DIMM and M.2 slot enables rapid RAM or SSD upgrades - 3-year warranty plus MIL-STD-810H toughness ensure built-in long-term reliability | F9: https://drive.google.com/drive/folders/16X1B5EeAnauCyYnjnSp9MSbljj26xL5I?usp=drive_link | H9: 90NX08Z1-M001F0 | I9: BG1409CVA-S67150W | J9: VSNX08Z1-BU2000 | K9: Intel® Core™ i7-1355U Processor 1.7 GHz (12MB Cache, up to 5.0 GHz, 10 cores, 12 Threads) | L9: DDR5 16GB ( 8GB DDR5 SO-DIMM *2 ) | M9: 512GB 2280 PCIE G4 SSD | N9: Intel Iris Xᵉ Graphics (available for Intel® Core™ i5/i7/i9 with dual channel memory) | O9: Windows 11 Home - ASUS recommends Windows 11 Pro for business 1-month trial for new Microsoft 365 customers. Credit card required. | P9: M365 FREE TRIAL 30D(WW) | Q9: LCD Cover: Gentle Grey, Plastic Top Case: Gentle Grey, Plastic | R9: 2x DDR5 SO-DIMM slots 1x M.2 2230 PCIe 4.0x4 1x M.2 2280 PCIe 4.0x4 | S9: Front: 720p HD camera Rear: - With privacy shutter World-Facing: - | T9: Audio by Dirac Built-in speaker Built-in array microphone | U9: Wi-Fi 6E(802.11ax) (Dual band) 2*2 + Bluetooth® 5.4 Wireless Card | V9: 2x USB 3.2 Gen 1 Type-A 2x USB 3.2 Gen 2 Type-C support display / power delivery 1x HDMI 1.4 1x 3.5mm Combo Audio Jack 1x RJ45 Gigabit Ethernet | W9: FingerPrint BIOS Booting User Password Protection BIOS setup user password HDD User Password Protection and Security Support Absolute Persistence 2.0 (Computrace) Trusted Platform Module (TPM) 2.0 Fingerprint sensor intergrated with Touchpad Kensington Nano Security Slot™(6x 2.5mm) | X9: Backpack Carry bag USB-C to USB-C cable | Y9: 14.0 | Z9: LED Back-lit-Narrow border | AA9: 300nits | AB9: FHD 1920X1080 16:9 | AC9: Anti-Glare | AD9: NTSC:45% | AE9: non-Touch | AF9: Wide View | AG9: ID,1Y CARRY-IN(ADP)+2Y CARRY-IN | AH9: 1.407 Kg | AI9: 1.215 | AJ9: 32.45 x 21.44 x 1.97 ~ 1.97 cm (12.78" x 8.44" x 0.78" ~ 0.78") | AK9: 50WHrs, 3S1P, 3-cell Li-ion | AL9: TYPE-C, 65W AC Adapter, Output: 20V DC, 3.25A, 65W, Input: 100~240V AC 50/60Hz universal | AN9: N/A | AO9: Backlit Chiclet Keyboard | AP9: W/FINGERPRINT | AQ9: Energy star 8.0 FSC Mix TCO Certified RoHS REACH | AR9: US MIL-STD 810H military-grade standard | AT9: LED Backlit
A10: =IF(ISBLANK(I10),"",H10) -> 90NX08Z1-M001M0 | B10: =IF(ISBLANK(I10),"",I10) -> BG1409CVA-S67110X | C10: =IF(ISBLANK(I10),"",IF(LEFT(H10, 4) = "90PF",_xlfn.XLOOKUP(B10,'Auto-PF'!$A$2:$A$500,'Auto-PF'!$B$2:$B$500,"Not found",0),_xlfn.XLOOKUP(LEFT(B10,5),'MKT name rule'!$B$2:$B$322,'MKT name rule'!$C$2:$C$322, "Not found"))) -> ASUS ExpertBook BG1 | D10: Trusted by IT Experts. Built for Worry-Free Business. | E10: - Dual USB-C (PD/DP) with RJ-45, HDMI, USB-A—one cable powers and displays - Tool-less access to an open SO-DIMM and M.2 slot enables rapid RAM or SSD upgrades - 3-year warranty plus MIL-STD-810H toughness ensure built-in long-term reliability | F10: https://drive.google.com/drive/folders/1VEgk1dU8LZ4NJp_8njiV72udvFp8RmNj?usp=drive_link | H10: 90NX08Z1-M001M0 | I10: BG1409CVA-S67110X | J10: VSNX08Z1-BU2000 | K10: Intel® Core™ i7-1355U Processor 1.7 GHz (12MB Cache, up to 5.0 GHz, 10 cores, 12 Threads) | L10: DDR5 16GB ( 8GB DDR5 SO-DIMM *2 ) | M10: 1TB 2280 PCIE G4 SSD | N10: Intel Iris Xᵉ Graphics (available for Intel® Core™ i5/i7/i9 with dual channel memory) | O10: Windows 11 Pro 1-month trial for new Microsoft 365 customers. Credit card required. | P10: M365 FREE TRIAL 30D(WW) | Q10: LCD Cover: Gentle Grey, Plastic Top Case: Gentle Grey, Plastic | R10: 2x DDR5 SO-DIMM slots 1x M.2 2230 PCIe 4.0x4 1x M.2 2280 PCIe 4.0x4 | S10: Front: 720p HD camera Rear: - With privacy shutter World-Facing: - | T10: Audio by Dirac Built-in speaker Built-in array microphone | U10: Wi-Fi 6E(802.11ax) (Dual band) 2*2 + Bluetooth® 5.4 Wireless Card | V10: 2x USB 3.2 Gen 1 Type-A 2x USB 3.2 Gen 2 Type-C support display / power delivery 1x HDMI 1.4 1x 3.5mm Combo Audio Jack 1x RJ45 Gigabit Ethernet | W10: FingerPrint BIOS Booting User Password Protection BIOS setup user password HDD User Password Protection and Security Support Absolute Persistence 2.0 (Computrace) Trusted Platform Module (TPM) 2.0 Fingerprint sensor intergrated with Touchpad Kensington Nano Security Slot™(6x 2.5mm) | X10: Backpack Carry bag USB-C to USB-C cable | Y10: 14.0 | Z10: LED Back-lit-Narrow border | AA10: 300nits | AB10: FHD 1920X1080 16:9 | AC10: Anti-Glare | AD10: NTSC:45% | AE10: non-Touch | AF10: Wide View | AG10: ID,1Y CARRY-IN(ADP)+2Y CARRY-IN | AH10: 1.407 Kg | AI10: 1.215 | AJ10: 32.45 x 21.44 x 1.97 ~ 1.97 cm (12.78" x 8.44" x 0.78" ~ 0.78") | AK10: 50WHrs, 3S1P, 3-cell Li-ion | AL10: TYPE-C, 65W AC Adapter, Output: 20V DC, 3.25A, 65W, Input: 100~240V AC 50/60Hz universal | AN10: N/A | AO10: Backlit Chiclet Keyboard | AP10: W/FINGERPRINT | AQ10: Energy star 8.0 FSC Mix TCO Certified RoHS REACH | AR10: US MIL-STD 810H military-grade standard | AT10: LED Backlit
A11: =IF(ISBLANK(I11),"",H11) -> 90NX08Z1-M00190 | B11: =IF(ISBLANK(I11),"",I11) -> BG1409CVA-S65850X | C11: =IF(ISBLANK(I11),"",IF(LEFT(H11, 4) = "90PF",_xlfn.XLOOKUP(B11,'Auto-PF'!$A$2:$A$500,'Auto-PF'!$B$2:$B$500,"Not found",0),_xlfn.XLOOKUP(LEFT(B11,5),'MKT name rule'!$B$2:$B$322,'MKT name rule'!$C$2:$C$322, "Not found"))) -> ASUS ExpertBook BG1 | D11: Trusted by IT Experts. Built for Worry-Free Business. | E11: - Dual USB-C (PD/DP) with RJ-45, HDMI, USB-A—one cable powers and displays - Tool-less access to an open SO-DIMM and M.2 slot enables rapid RAM or SSD upgrades - 3-year warranty plus MIL-STD-810H toughness ensure built-in long-term reliability | F11: https://drive.google.com/drive/folders/1mU1n5uXIV4ZbtbPgCj5Geo7z1z78qz6Y?usp=drive_link | H11: 90NX08Z1-M00190 | I11: BG1409CVA-S65850X | J11: VSNX08Z1-BU2000 | K11: Intel® Core™ i5-1334U Processor 1.3 GHz (12MB Cache, up to 4.6 GHz, 10 cores, 12 Threads) | L11: DDR5 8GB ( 8GB DDR5 SO-DIMM ) | M11: 512GB 2280 PCIE G4 SSD | N11: Intel® UHD Graphics | O11: Windows 11 Pro 1-month trial for new Microsoft 365 customers. Credit card required. | P11: M365 FREE TRIAL 30D(WW) | Q11: LCD Cover: Gentle Grey, Plastic Top Case: Gentle Grey, Plastic | R11: 2x DDR5 SO-DIMM slots 1x M.2 2230 PCIe 4.0x4 1x M.2 2280 PCIe 4.0x4 | S11: Front: 720p HD camera Rear: - With privacy shutter World-Facing: - | T11: Audio by Dirac Built-in speaker Built-in array microphone | U11: Wi-Fi 6E(802.11ax) (Dual band) 2*2 + Bluetooth® 5.4 Wireless Card | V11: 2x USB 3.2 Gen 1 Type-A 2x USB 3.2 Gen 2 Type-C support display / power delivery 1x HDMI 1.4 1x 3.5mm Combo Audio Jack 1x RJ45 Gigabit Ethernet | W11: FingerPrint BIOS Booting User Password Protection BIOS setup user password HDD User Password Protection and Security Support Absolute Persistence 2.0 (Computrace) Trusted Platform Module (TPM) 2.0 Fingerprint sensor intergrated with Touchpad Kensington Nano Security Slot™(6x 2.5mm) | X11: Backpack Carry bag USB-C to USB-C cable | Y11: 14.0 | Z11: LED Back-lit-Narrow border | AA11: 300nits | AB11: FHD 1920X1080 16:9 | AC11: Anti-Glare | AD11: NTSC:45% | AE11: non-Touch | AF11: Wide View | AG11: ID,1Y CARRY-IN(ADP)+2Y CARRY-IN | AH11: 1.407 Kg | AI11: 1.215 | AJ11: 32.45 x 21.44 x 1.97 ~ 1.97 cm (12.78" x 8.44" x 0.78" ~ 0.78") | AK11: 50WHrs, 3S1P, 3-cell Li-ion | AL11: TYPE-C, 65W AC Adapter, Output: 20V DC, 3.25A, 65W, Input: 100~240V AC 50/60Hz universal | AN11: N/A | AO11: Backlit Chiclet Keyboard | AP11: W/FINGERPRINT | AQ11: Energy star 8.0 FSC Mix TCO Certified RoHS REACH | AR11: US MIL-STD 810H military-grade standard | AT11: LED Backlit
A12: =IF(ISBLANK(I12),"",H12) -> 90NX08Z1-M001D0 | B12: =IF(ISBLANK(I12),"",I12) -> BG1409CVA-S67850W | C12: =IF(ISBLANK(I12),"",IF(LEFT(H12, 4) = "90PF",_xlfn.XLOOKUP(B12,'Auto-PF'!$A$2:$A$500,'Auto-PF'!$B$2:$B$500,"Not found",0),_xlfn.XLOOKUP(LEFT(B12,5),'MKT name rule'!$B$2:$B$322,'MKT name rule'!$C$2:$C$322, "Not found"))) -> ASUS ExpertBook BG1 | D12: Trusted by IT Experts. Built for Worry-Free Business. | E12: - Dual USB-C (PD/DP) with RJ-45, HDMI, USB-A—one cable powers and displays - Tool-less access to an open SO-DIMM and M.2 slot enables rapid RAM or SSD upgrades - 3-year warranty plus MIL-STD-810H toughness ensure built-in long-term reliability | F12: https://drive.google.com/drive/folders/1doOTPtdIYhxgXrNArRsRrGOx_SanXYtN?usp=drive_link | H12: 90NX08Z1-M001D0 | I12: BG1409CVA-S67850W | J12: VSNX08Z1-BU2000 | K12: Intel® Core™ i7-1355U Processor 1.7 GHz (12MB Cache, up to 5.0 GHz, 10 cores, 12 Threads) | L12: DDR5 8GB ( 8GB DDR5 SO-DIMM ) | M12: 512GB 2280 PCIE G4 SSD | N12: Intel® UHD Graphics | O12: Windows 11 Home - ASUS recommends Windows 11 Pro for business 1-month trial for new Microsoft 365 customers. Credit card required. | P12: M365 FREE TRIAL 30D(WW) | Q12: LCD Cover: Gentle Grey, Plastic Top Case: Gentle Grey, Plastic | R12: 2x DDR5 SO-DIMM slots 1x M.2 2230 PCIe 4.0x4 1x M.2 2280 PCIe 4.0x4 | S12: Front: 720p HD camera Rear: - With privacy shutter World-Facing: - | T12: Audio by Dirac Built-in speaker Built-in array microphone | U12: Wi-Fi 6E(802.11ax) (Dual band) 2*2 + Bluetooth® 5.4 Wireless Card | V12: 2x USB 3.2 Gen 1 Type-A 2x USB 3.2 Gen 2 Type-C support display / power delivery 1x HDMI 1.4 1x 3.5mm Combo Audio Jack 1x RJ45 Gigabit Ethernet | W12: FingerPrint BIOS Booting User Password Protection BIOS setup user password HDD User Password Protection and Security Support Absolute Persistence 2.0 (Computrace) Trusted Platform Module (TPM) 2.0 Fingerprint sensor intergrated with Touchpad Kensington Nano Security Slot™(6x 2.5mm) | X12: Backpack Carry bag USB-C to USB-C cable | Y12: 14.0 | Z12: LED Back-lit-Narrow border | AA12: 300nits | AB12: FHD 1920X1080 16:9 | AC12: Anti-Glare | AD12: NTSC:45% | AE12: non-Touch | AF12: Wide View | AG12: ID,1Y CARRY-IN(ADP)+2Y CARRY-IN | AH12: 1.407 Kg | AI12: 1.215 | AJ12: 32.45 x 21.44 x 1.97 ~ 1.97 cm (12.78" x 8.44" x 0.78" ~ 0.78") | AK12: 50WHrs, 3S1P, 3-cell Li-ion | AL12: TYPE-C, 65W AC Adapter, Output: 20V DC, 3.25A, 65W, Input: 100~240V AC 50/60Hz universal | AN12: N/A | AO12: Backlit Chiclet Keyboard | AP12: W/FINGERPRINT | AQ12: Energy star 8.0 FSC Mix TCO Certified RoHS REACH | AR12: US MIL-STD 810H military-grade standard | AT12: LED Backlit
A13: =IF(ISBLANK(I13),"",H13) -> 90NX | B13: =IF(ISBLANK(I13),"",I13) -> B1402CBA_ID-NK7850X | C13: =IF(ISBLANK(I13),"",IF(LEFT(H13, 4) = "90PF",_xlfn.XLOOKUP(B13,'Auto-PF'!$A$2:$A$500,'Auto-PF'!$B$2:$B$500,"Not found",0),_xlfn.XLOOKUP(LEFT(B13,5),'MKT name rule'!$B$2:$B$322,'MKT name rule'!$C$2:$C$322, "Not found"))) -> ASUS ExpertBook B1 | D13: Primed to perform. Configured for your bussiness. | F13: https://drive.google.com/drive/folders/1Vo1jpHMCrMBRrGxqaMBYjJYY4bfRUZ8K?usp=drive_link | H13: 90NX | I13: B1402CBA_ID-NK7850X | J13: VSNX06V1-BU1000 | K13: Intel® Core™ i7-1255U Processor 1.7 GHz (12M Cache, up to 4.7 GHz, 10 cores) | L13: DDR4 8GB ( 8GB DDR4 on board ) | M13: 512GB 2280 PCIE G4 SSD | N13: Intel® UHD Graphics | O13: Windows 11 Pro 1-month trial for new Microsoft 365 customers. Credit card required. | P13: M365 FREE TRIAL 30D(WW) | Q13: LCD Cover: Star Black, Plastic Top Case: Star Black, Plastic | R13: 1x DDR4 SO-DIMM slot 1x M.2 2280 PCIe 4.0x4 | S13: Front: 720p HD camera Rear: - With privacy shutter World-Facing: - | T13: Audio by Dirac Built-in speaker Built-in array microphone | U13: Wi-Fi 6(802.11ax) (Dual band) 2*2 + Bluetooth® 5.2 Wireless Card | V13: 1x USB 2.0 Type-A 1x USB 3.2 Gen 1 Type-A 1x USB 3.2 Gen 1 Type-C support power delivery 1x USB 3.2 Gen 2 Type-C support display / power delivery 1x HDMI 1.4, up to 1920x1080p/60Hz 1x 3.5mm Combo Audio Jack 1x RJ45 Gigabit Ethernet | W13: FingerPrint BIOS Booting User Password Protection BIOS setup user password HDD User Password Protection and Security Support Absolute Persistence 2.0 (Computrace) Trusted Platform Module (TPM) 2.0 Fingerprint sensor intergrated with Touchpad Kensington Nano Security Slot™(6x 2.5mm) | X13: Backpack Carry bag USB-C to USB-C cable | Y13: 14.0 | Z13: LED Back-lit-Narrow border | AA13: 250nits | AB13: FHD 1920X1080 16:9 | AC13: Anti-Glare | AD13: NTSC:45% | AE13: non-Touch | AG13: ID,1Y CARRY-IN(ADP)+2Y CARRY-IN | AH13: 1.499 Kg | AI13: 1.335 | AJ13: 32.69 x 21.45 x 1.99 ~ 1.99 cm (12.87" x 8.44" x 0.78" ~ 0.78") | AK13: 42WHrs, 3S1P, 3-cell Li-ion | AL13: TYPE-C, 65W AC Adapter, Output: 20V DC, 3.25A, 65W, Input: 100~240V AC 50/60Hz universal | AN13: N/A | AO13: Backlit Chiclet Keyboard | AP13: W/FINGERPRINT | AQ13: EPEAT Gold Energy star 8.0 FSC Mix RoHS REACH | AR13: US MIL-STD 810H military-grade standard | AT13: LED Backlit
A14: =IF(ISBLANK(I14),"",H14) -> 90PT03X5-M00PT0 | B14: =IF(ISBLANK(I14),"",I14) -> P440VAK-B3820W | C14: =IF(ISBLANK(I14),"",IF(LEFT(H14, 4) = "90PF",_xlfn.XLOOKUP(B14,'Auto-PF'!$A$2:$A$500,'Auto-PF'!$B$2:$B$500,"Not found",0),_xlfn.XLOOKUP(LEFT(B14,5),'MKT name rule'!$B$2:$B$322,'MKT name rule'!$C$2:$C$322, "Not found"))) -> ASUS ExpertCenter P400 | D14: Trusted by IT Experts. Built for Worry-Free Business. | E14: - Business-Class Performance in a Sleek Design with 93% Screen-to-Body Ratio and 100Hz Responsive Touchscreen - Optimized for Hybrid Work with AI ExpertMeet and Immersive Dolby Audio - Enterprise-Grade Security and Reliability with TPM 2.0, Retractable Camera, and 2-Year Full Warranty with Accidental Damage Protection | F14: https://drive.google.com/drive/folders/10xdgtOv0R7bSoWtrRvzKjkLQLG3yJp-u?usp=drive_link | H14: 90PT03X5-M00PT0 | I14: P440VAK-B3820W | J14: 4711387957653 | K14: Intel® Core™ i3-1315U Processor 1.2 GHz (10M Cache, up to 4.5 GHz, 6 cores) | L14: 2.202 | M14: VSPT03X3-BU0180 | N14: Black | O14: 23.8-inch | P14: FHD (1920 x 1080) 16:9 | Q14: LCD | R14: 250nits | S14: sRGB: 100% | T14: 178/178 | U14: 14/25 | V14: 100Hz | W14: 1000:1 | X14: 93 % | Y14: Wide view | Z14: Anti-glare display | AA14: Non-touch screen | AB14: Normal Stand | AC14: Intel® Core™ i3-1315U Processor 1.2 GHz (10M Cache, up to 4.5 GHz, 6 cores) | AD14: N/A | AE14: N/A | AF14: Intel® Graphics | AG14: 8GB DDR5 SO-DIMM | AH14: DDR5 8GB | AI14: 256GB M.2 NVMe™ PCIe® 4.0 SSD | AJ14: 2x DDR5 SO-DIMM slot | AK14: Not available | AL14: Wi-Fi 6(802.11ax) (Dual band) 2*2 + Bluetooth® 5.4 Wireless Card | AM14: Realtek RTL8111H 10/100/1000 Mbps | AN14: 1080p FHD camera | AO14: With privacy shutter | AP14: N/A | AQ14: Built-in array microphone Built-in speakers | AR14: Windows 11 Home | AS14: 1-month trial for new Microsoft 365 customers. Credit card required. | AT14: ø4.5, 90W AC Adapter, Output: 19V DC, 4.74A, 90W, Input: 100~240V AC 50/60Hz universal | AU14: 1x Kensington lock 1x 3.5mm combo audio jack 1x USB 2.0 Type-A | AV14: 1x DC-in 1x RJ45 Gigabit Ethernet 1x HDMI out 1.4 1x USB 3.2 Gen 1 Type-C 3x USB 3.2 Gen 1 Type-A | AW14: 54.1 x 41.6 x 1.7 ~ 21.0 cm (21.30" x 16.38" x 0.67" ~ 8.27") | AX14: 06.90 kg (15.21 lbs) | AY14: BIOS Booting User Password Protection HDD User Password Protection and Security Kensington Security Slot™(7x 3mm) | AZ14: McAfee® 30 days free trial | BA14: Trusted Platform Module (TPM) 2.0 | BB14: MyASUS ASUS Business Manager AI ExpertMeet (AI features need devices with 12GB RAM or more) | BC14: System diagnosis Fan Profile Splendid AppDeals Link to MyASUS | BD14: Wired black keyboard (USB) Wired optical mouse (USB) | BE14: EPEAT Gold Energy star 8.0 REACH RoHS | BF14: ACCX002-04PE//1Y Extension ACX11-00481DPT//2Y Extension ACX11-00482DPT//3Y Extension ACX12-002742PT//2Y Accidental Damage Protection* ACX12-002752PT//1Y Extension 3Y Accidental Damage Protection* *upgrade ACX12-002782PT//2Y Extension 4Y Accidental Damage Protection* *upgrade ACX12-002792PT//3Y Extension 5Y Accidental Damage Protection**upgrade ACX13-007990PT//3Y Extension 5Y OnSite Service*upgrade ACX13-0079A0PT//1Y Extension 3Y OnSite Service*upgrade ACX13-0079C0PT//2Y OnSite Service*upgrade ACX13-0079H0PT//2Y Extension 4Y OnSite Service*upgrade ACX15-021900PT//2Y OnSite Service 2Y Accidental Damage Protection* 2Y HDD_Retention*upgrade ACX15-021910PT//1Y Extension 3Y OnSite Service 3Y Accidental Damage Protection* 3Y HDD_Retention*upgrade ACX15-021920PT//2Y Extension 4Y OnSite Service 4Y Accidental Damage Protection* 4Y HDD_Retention*upgrade ACX15-021930PT//3Y Extension 5Y OnSite Service 5Y Accidental Damage Protection* 5Y HDD_Retention*upgrade | BG14: 65% PCR recycled plastic rear cover | BH14: 65% PCR recycled plastic base cover | BI14: 55%
A15: =IF(ISBLANK(I15),"",H15) -> 90PT03X5-M01380 | B15: =IF(ISBLANK(I15),"",I15) -> P440VAK-B3850W | C15: =IF(ISBLANK(I15),"",IF(LEFT(H15, 4) = "90PF",_xlfn.XLOOKUP(B15,'Auto-PF'!$A$2:$A$500,'Auto-PF'!$B$2:$B$500,"Not found",0),_xlfn.XLOOKUP(LEFT(B15,5),'MKT name rule'!$B$2:$B$322,'MKT name rule'!$C$2:$C$322, "Not found"))) -> ASUS ExpertCenter P400 | D15: Trusted by IT Experts. Built for Worry-Free Business. | E15: - Business-Class Performance in a Sleek Design with 93% Screen-to-Body Ratio and 100Hz Responsive Touchscreen - Optimized for Hybrid Work with AI ExpertMeet and Immersive Dolby Audio - Enterprise-Grade Security and Reliability with TPM 2.0, Retractable Camera, and 2-Year Full Warranty with Accidental Damage Protection | F15: https://drive.google.com/drive/folders/1BYBp7cwSevZJbrAM9yVaCn0-RP8wxtt5?usp=drive_link | H15: 90PT03X5-M01380 | I15: P440VAK-B3850W | J15: 4711387957660 | K15: 197105957664 | L15: 2.202 | M15: VSPT03X3-BU0180 | N15: Black | O15: 23.8-inch | P15: FHD (1920 x 1080) 16:9 | Q15: LCD | R15: 250nits | S15: sRGB: 100% | T15: 178/178 | U15: 14/25 | V15: 100Hz | W15: 1000:1 | X15: 93 % | Y15: Wide view | Z15: Anti-glare display | AA15: Non-touch screen | AB15: Normal Stand | AC15: Intel® Core™ i3-1315U Processor 1.2 GHz (10M Cache, up to 4.5 GHz, 6 cores) | AD15: N/A | AE15: N/A | AF15: Intel® Graphics | AG15: 8GB DDR5 SO-DIMM | AH15: DDR5 8GB | AI15: 512GB M.2 NVMe™ PCIe® 4.0 SSD | AJ15: 2x DDR5 SO-DIMM slot | AK15: Not available | AL15: Wi-Fi 6(802.11ax) (Dual band) 2*2 + Bluetooth® 5.4 Wireless Card | AM15: Realtek RTL8111H 10/100/1000 Mbps | AN15: 1080p FHD camera | AO15: With privacy shutter | AP15: N/A | AQ15: Built-in array microphone Built-in speakers | AR15: Windows 11 Home - ASUS recommends Windows 11 Pro for business | AS15: 1-month trial for new Microsoft 365 customers. Credit card required. | AT15: ø4.5, 90W AC Adapter, Output: 19V DC, 4.74A, 90W, Input: 100~240V AC 50/60Hz universal | AU15: 1x Kensington lock 1x 3.5mm combo audio jack 1x USB 2.0 Type-A | AV15: 1x DC-in 1x RJ45 Gigabit Ethernet 1x HDMI out 1.4 1x USB 3.2 Gen 1 Type-C 3x USB 3.2 Gen 1 Type-A | AW15: 54.1 x 41.6 x 1.7 ~ 21.0 cm (21.30" x 16.38" x 0.67" ~ 8.27") | AX15: 06.90 kg (15.21 lbs) | AY15: BIOS Booting User Password Protection HDD User Password Protection and Security Kensington Security Slot™(7x 3mm) | AZ15: McAfee® 30 days free trial | BA15: Trusted Platform Module (TPM) 2.0 | BB15: MyASUS ASUS Business Manager AI ExpertMeet (AI features need devices with 12GB RAM or more) | BC15: System diagnosis Fan Profile Splendid AppDeals Link to MyASUS | BD15: Wired black keyboard (USB) Wired optical mouse (USB) | BE15: EPEAT Gold Energy star 8.0 REACH RoHS | BF15: ACCX002-04PE//1Y Extension ACX11-00481DPT//2Y Extension ACX11-00482DPT//3Y Extension ACX12-002742PT//2Y Accidental Damage Protection* ACX12-002752PT//1Y Extension 3Y Accidental Damage Protection* *upgrade ACX12-002782PT//2Y Extension 4Y Accidental Damage Protection* *upgrade ACX12-002792PT//3Y Extension 5Y Accidental Damage Protection**upgrade ACX13-007990PT//3Y Extension 5Y OnSite Service*upgrade ACX13-0079A0PT//1Y Extension 3Y OnSite Service*upgrade ACX13-0079C0PT//2Y OnSite Service*upgrade ACX13-0079H0PT//2Y Extension 4Y OnSite Service*upgrade ACX15-021900PT//2Y OnSite Service 2Y Accidental Damage Protection* 2Y HDD_Retention*upgrade ACX15-021910PT//1Y Extension 3Y OnSite Service 3Y Accidental Damage Protection* 3Y HDD_Retention*upgrade ACX15-021920PT//2Y Extension 4Y OnSite Service 4Y Accidental Damage Protection* 4Y HDD_Retention*upgrade ACX15-021930PT//3Y Extension 5Y OnSite Service 5Y Accidental Damage Protection* 5Y HDD_Retention*upgrade | BG15: 65% PCR recycled plastic rear cover | BH15: 65% PCR recycled plastic base cover | BI15: 55%
A16: =IF(ISBLANK(I16),"",H16) -> 90PT03X5-M01390 | B16: =IF(ISBLANK(I16),"",I16) -> P440VAK-B3850WS | C16: =IF(ISBLANK(I16),"",IF(LEFT(H16, 4) = "90PF",_xlfn.XLOOKUP(B16,'Auto-PF'!$A$2:$A$500,'Auto-PF'!$B$2:$B$500,"Not found",0),_xlfn.XLOOKUP(LEFT(B16,5),'MKT name rule'!$B$2:$B$322,'MKT name rule'!$C$2:$C$322, "Not found"))) -> ASUS ExpertCenter P400 | D16: Trusted by IT Experts. Built for Worry-Free Business. | E16: - Business-Class Performance in a Sleek Design with 93% Screen-to-Body Ratio and 100Hz Responsive Touchscreen - Optimized for Hybrid Work with AI ExpertMeet and Immersive Dolby Audio - Enterprise-Grade Security and Reliability with TPM 2.0, Retractable Camera, and 2-Year Full Warranty with Accidental Damage Protection | F16: https://drive.google.com/drive/folders/1UWtVSqNA3WLpBdSbrf0UatcpdnjHKzpG?usp=drive_link | H16: 90PT03X5-M01390 | I16: P440VAK-B3850WS | J16: 4711636034395 | K16: 199291034396 | L16: 2.202 | M16: VSPT03X3-BU0180 | N16: Black | O16: 23.8-inch | P16: FHD (1920 x 1080) 16:9 | Q16: LCD | R16: 250nits | S16: sRGB: 100% | T16: 178/178 | U16: 14/25 | V16: 100Hz | W16: 1000:1 | X16: 93 % | Y16: Wide view | Z16: Anti-glare display | AA16: Non-touch screen | AB16: Normal Stand | AC16: Intel® Core™ i3-1315U Processor 1.2 GHz (10M Cache, up to 4.5 GHz, 6 cores) | AD16: N/A | AE16: N/A | AF16: Intel® Graphics | AG16: 8GB DDR5 SO-DIMM | AH16: DDR5 8GB | AI16: 512GB M.2 NVMe™ PCIe® 4.0 SSD | AJ16: 2x DDR5 SO-DIMM slot | AK16: Not available | AL16: Wi-Fi 6(802.11ax) (Dual band) 2*2 + Bluetooth® 5.4 Wireless Card | AM16: Realtek RTL8111H 10/100/1000 Mbps | AN16: 1080p FHD camera | AO16: With privacy shutter | AP16: N/A | AQ16: Built-in array microphone Built-in speakers | AR16: Windows 11 Home - ASUS recommends Windows 11 Pro for business | AS16: Microsoft Office Home 2024_x000D_ Microsoft 365 Basic | AT16: ø4.5, 90W AC Adapter, Output: 19V DC, 4.74A, 90W, Input: 100~240V AC 50/60Hz universal | AU16: 1x Kensington lock 1x 3.5mm combo audio jack 1x USB 2.0 Type-A | AV16: 1x DC-in 1x RJ45 Gigabit Ethernet 1x HDMI out 1.4 1x USB 3.2 Gen 1 Type-C 3x USB 3.2 Gen 1 Type-A | AW16: 54.1 x 41.6 x 1.7 ~ 21.0 cm (21.30" x 16.38" x 0.67" ~ 8.27") | AX16: 06.90 kg (15.21 lbs) | AY16: BIOS Booting User Password Protection HDD User Password Protection and Security Kensington Security Slot™(7x 3mm) | AZ16: McAfee® 30 days free trial | BA16: Trusted Platform Module (TPM) 2.0 | BB16: MyASUS ASUS Business Manager AI ExpertMeet (AI features need devices with 12GB RAM or more) | BC16: System diagnosis Fan Profile Splendid AppDeals Link to MyASUS | BD16: Wired black keyboard (USB) Wired optical mouse (USB) | BE16: EPEAT Gold Energy star 8.0 REACH RoHS | BF16: ACCX002-04PE//1Y Extension ACX11-00481DPT//2Y Extension ACX11-00482DPT//3Y Extension ACX12-002742PT//2Y Accidental Damage Protection* ACX12-002752PT//1Y Extension 3Y Accidental Damage Protection* *upgrade ACX12-002782PT//2Y Extension 4Y Accidental Damage Protection* *upgrade ACX12-002792PT//3Y Extension 5Y Accidental Damage Protection**upgrade ACX13-007990PT//3Y Extension 5Y OnSite Service*upgrade ACX13-0079A0PT//1Y Extension 3Y OnSite Service*upgrade ACX13-0079C0PT//2Y OnSite Service*upgrade ACX13-0079H0PT//2Y Extension 4Y OnSite Service*upgrade ACX15-021900PT//2Y OnSite Service 2Y Accidental Damage Protection* 2Y HDD_Retention*upgrade ACX15-021910PT//1Y Extension 3Y OnSite Service 3Y Accidental Damage Protection* 3Y HDD_Retention*upgrade ACX15-021920PT//2Y Extension 4Y OnSite Service 4Y Accidental Damage Protection* 4Y HDD_Retention*upgrade ACX15-021930PT//3Y Extension 5Y OnSite Service 5Y Accidental Damage Protection* 5Y HDD_Retention*upgrade | BG16: 65% PCR recycled plastic rear cover | BH16: 65% PCR recycled plastic base cover | BI16: 55%
A17: =IF(ISBLANK(I17),"",H17) -> 90PT03X5-M013A0 | B17: =IF(ISBLANK(I17),"",I17) -> P440VAK-B5850WS | C17: =IF(ISBLANK(I17),"",IF(LEFT(H17, 4) = "90PF",_xlfn.XLOOKUP(B17,'Auto-PF'!$A$2:$A$500,'Auto-PF'!$B$2:$B$500,"Not found",0),_xlfn.XLOOKUP(LEFT(B17,5),'MKT name rule'!$B$2:$B$322,'MKT name rule'!$C$2:$C$322, "Not found"))) -> ASUS ExpertCenter P400 | D17: Trusted by IT Experts. Built for Worry-Free Business. | E17: - Business-Class Performance in a Sleek Design with 93% Screen-to-Body Ratio and 100Hz Responsive Touchscreen - Optimized for Hybrid Work with AI ExpertMeet and Immersive Dolby Audio - Enterprise-Grade Security and Reliability with TPM 2.0, Retractable Camera, and 2-Year Full Warranty with Accidental Damage Protection | F17: https://drive.google.com/drive/folders/1IT3gH_MF_MbDcIGGZQd-i9xeXwR9-2cj?usp=drive_link | H17: 90PT03X5-M013A0 | I17: P440VAK-B5850WS | J17: 4711387957608 | K17: 197105957602 | L17: 2.202 | M17: VSPT03X3-BU0060 | N17: Black | O17: 23.8-inch | P17: FHD (1920 x 1080) 16:9 | Q17: LCD | R17: 250nits | S17: sRGB: 100% | T17: 178/178 | U17: 14/25 | V17: 100Hz | W17: 1000:1 | X17: 93 % | Y17: Wide view | Z17: Anti-glare display | AA17: Non-touch screen | AB17: Normal Stand | AC17: Intel® Core™ i5-13420H Processor 2.1 GHz (12MB Cache, up to 4.6 GHz, 8 cores, 12 Threads) | AD17: N/A | AE17: N/A | AF17: Intel® UHD Graphics | AG17: 8GB DDR5 SO-DIMM | AH17: DDR5 8GB | AI17: 512GB M.2 NVMe™ PCIe® 4.0 SSD | AJ17: 2x DDR5 SO-DIMM slot | AK17: Not available | AL17: Wi-Fi 6(802.11ax) (Dual band) 2*2 + Bluetooth® 5.4 Wireless Card | AM17: Realtek RTL8111H 10/100/1000 Mbps | AN17: 1080p FHD camera | AO17: With privacy shutter | AP17: N/A | AQ17: Built-in array microphone Built-in speakers | AR17: Windows 11 Home - ASUS recommends Windows 11 Pro for business | AS17: Microsoft Office Home 2024_x000D_ Microsoft 365 Basic | AT17: ø4.5, 120W AC Adapter, Output: 20V DC, 6.0A, 120W, Input: 100~240V AC 50/60Hz universal | AU17: 1x Kensington lock 1x 3.5mm combo audio jack 1x USB 2.0 Type-A | AV17: 1x DC-in 1x RJ45 Gigabit Ethernet 1x HDMI in 1.4 1x HDMI out 1.4 1x USB 3.2 Gen 1 Type-C 3x USB 3.2 Gen 1 Type-A | AW17: 54.1 x 41.6 x 1.7 ~ 21.0 cm (21.30" x 16.38" x 0.67" ~ 8.27") | AX17: 06.90 kg (15.21 lbs) | AY17: BIOS Booting User Password Protection HDD User Password Protection and Security Kensington Security Slot™(7x 3mm) | AZ17: McAfee® 30 days free trial | BA17: Trusted Platform Module (TPM) 2.0 | BB17: MyASUS ASUS Business Manager AI ExpertMeet (AI features need devices with 12GB RAM or more) | BC17: System diagnosis Fan Profile Splendid AppDeals Link to MyASUS | BD17: Wired black keyboard (USB) Wired optical mouse (USB) | BE17: EPEAT Gold Energy star 8.0 REACH RoHS | BF17: ACCX002-04PE//1Y Extension ACX11-00481DPT//2Y Extension ACX11-00482DPT//3Y Extension ACX12-002742PT//2Y Accidental Damage Protection* ACX12-002752PT//1Y Extension 3Y Accidental Damage Protection* *upgrade ACX12-002782PT//2Y Extension 4Y Accidental Damage Protection* *upgrade ACX12-002792PT//3Y Extension 5Y Accidental Damage Protection**upgrade ACX13-007990PT//3Y Extension 5Y OnSite Service*upgrade ACX13-0079A0PT//1Y Extension 3Y OnSite Service*upgrade ACX13-0079C0PT//2Y OnSite Service*upgrade ACX13-0079H0PT//2Y Extension 4Y OnSite Service*upgrade ACX15-021900PT//2Y OnSite Service 2Y Accidental Damage Protection* 2Y HDD_Retention*upgrade ACX15-021910PT//1Y Extension 3Y OnSite Service 3Y Accidental Damage Protection* 3Y HDD_Retention*upgrade ACX15-021920PT//2Y Extension 4Y OnSite Service 4Y Accidental Damage Protection* 4Y HDD_Retention*upgrade ACX15-021930PT//3Y Extension 5Y OnSite Service 5Y Accidental Damage Protection* 5Y HDD_Retention*upgrade | BG17: 65% PCR recycled plastic rear cover | BH17: 65% PCR recycled plastic base cover | BI17: 55%
A18: =IF(ISBLANK(I18),"",H18) -> 90PT03X5-M013B0 | B18: =IF(ISBLANK(I18),"",I18) -> P440VAK-B5150WS | C18: =IF(ISBLANK(I18),"",IF(LEFT(H18, 4) = "90PF",_xlfn.XLOOKUP(B18,'Auto-PF'!$A$2:$A$500,'Auto-PF'!$B$2:$B$500,"Not found",0),_xlfn.XLOOKUP(LEFT(B18,5),'MKT name rule'!$B$2:$B$322,'MKT name rule'!$C$2:$C$322, "Not found"))) -> ASUS ExpertCenter P400 | D18: Trusted by IT Experts. Built for Worry-Free Business. | E18: - Business-Class Performance in a Sleek Design with 93% Screen-to-Body Ratio and 100Hz Responsive Touchscreen - Optimized for Hybrid Work with AI ExpertMeet and Immersive Dolby Audio - Enterprise-Grade Security and Reliability with TPM 2.0, Retractable Camera, and 2-Year Full Warranty with Accidental Damage Protection | F18: https://drive.google.com/drive/folders/1zCAw9ldJMBVNot4g29o7hNP8Ep3Nc46X?usp=drive_link | H18: 90PT03X5-M013B0 | I18: P440VAK-B5150WS | L18: 2.25 | M18: VSPT03X3-BU0060 | N18: Black | O18: 23.8-inch | P18: FHD (1920 x 1080) 16:9 | Q18: LCD | R18: 250nits | S18: sRGB: 100% | T18: 178/178 | U18: 14/25 | V18: 100Hz | W18: 1000:1 | X18: 93 % | Y18: Wide view | Z18: Anti-glare display | AA18: Non-touch screen | AB18: Normal Stand | AC18: Intel® Core™ i5-13420H Processor 2.1 GHz (12MB Cache, up to 4.6 GHz, 8 cores, 12 Threads) | AD18: N/A | AE18: N/A | AF18: Intel® UHD Graphics | AG18: 16GB DDR5 SO-DIMM | AH18: DDR5 16GB | AI18: 512GB M.2 NVMe™ PCIe® 4.0 SSD | AJ18: 2x DDR5 SO-DIMM slot | AK18: Not available | AL18: Wi-Fi 6(802.11ax) (Dual band) 2*2 + Bluetooth® 5.4 Wireless Card | AM18: Realtek RTL8111H 10/100/1000 Mbps | AN18: 1080p FHD camera | AO18: With privacy shutter | AP18: N/A | AQ18: Built-in array microphone Built-in speakers | AR18: Windows 11 Home - ASUS recommends Windows 11 Pro for business | AS18: Microsoft Office Home 2024_x000D_ Microsoft 365 Basic | AT18: ø4.5, 120W AC Adapter, Output: 20V DC, 6.0A, 120W, Input: 100~240V AC 50/60Hz universal | AU18: 1x Kensington lock 1x 3.5mm combo audio jack 1x USB 2.0 Type-A | AV18: 1x DC-in 1x RJ45 Gigabit Ethernet 1x HDMI in 1.4 1x HDMI out 1.4 1x USB 3.2 Gen 1 Type-C 3x USB 3.2 Gen 1 Type-A | AW18: 54.1 x 41.6 x 1.7 ~ 21.0 cm (21.30" x 16.38" x 0.67" ~ 8.27") | AX18: 06.90 kg (15.21 lbs) | AY18: BIOS Booting User Password Protection HDD User Password Protection and Security Kensington Security Slot™(7x 3mm) | AZ18: McAfee® 30 days free trial | BA18: Trusted Platform Module (TPM) 2.0 | BB18: MyASUS ASUS Business Manager AI ExpertMeet (AI features need devices with 12GB RAM or more) | BC18: System diagnosis Fan Profile Splendid AppDeals Link to MyASUS | BD18: Wired black keyboard (USB) Wired optical mouse (USB) | BE18: EPEAT Gold Energy star 8.0 REACH RoHS | BF18: ACCX002-04PE//1Y Extension ACX11-00481DPT//2Y Extension ACX11-00482DPT//3Y Extension ACX12-002742PT//2Y Accidental Damage Protection* ACX12-002752PT//1Y Extension 3Y Accidental Damage Protection* *upgrade ACX12-002782PT//2Y Extension 4Y Accidental Damage Protection* *upgrade ACX12-002792PT//3Y Extension 5Y Accidental Damage Protection**upgrade ACX13-007990PT//3Y Extension 5Y OnSite Service*upgrade ACX13-0079A0PT//1Y Extension 3Y OnSite Service*upgrade ACX13-0079C0PT//2Y OnSite Service*upgrade ACX13-0079H0PT//2Y Extension 4Y OnSite Service*upgrade ACX15-021900PT//2Y OnSite Service 2Y Accidental Damage Protection* 2Y HDD_Retention*upgrade ACX15-021910PT//1Y Extension 3Y OnSite Service 3Y Accidental Damage Protection* 3Y HDD_Retention*upgrade ACX15-021920PT//2Y Extension 4Y OnSite Service 4Y Accidental Damage Protection* 4Y HDD_Retention*upgrade ACX15-021930PT//3Y Extension 5Y OnSite Service 5Y Accidental Damage Protection* 5Y HDD_Retention*upgrade | BG18: 65% PCR recycled plastic rear cover | BH18: 65% PCR recycled plastic base cover | BI18: 55%
A19: =IF(ISBLANK(I19),"",H19) -> 90PT03X5-M013C0 | B19: =IF(ISBLANK(I19),"",I19) -> P440VAK-B7150WS | C19: =IF(ISBLANK(I19),"",IF(LEFT(H19, 4) = "90PF",_xlfn.XLOOKUP(B19,'Auto-PF'!$A$2:$A$500,'Auto-PF'!$B$2:$B$500,"Not found",0),_xlfn.XLOOKUP(LEFT(B19,5),'MKT name rule'!$B$2:$B$322,'MKT name rule'!$C$2:$C$322, "Not found"))) -> ASUS ExpertCenter P400 | D19: Trusted by IT Experts. Built for Worry-Free Business. | E19: - Business-Class Performance in a Sleek Design with 93% Screen-to-Body Ratio and 100Hz Responsive Touchscreen - Optimized for Hybrid Work with AI ExpertMeet and Immersive Dolby Audio - Enterprise-Grade Security and Reliability with TPM 2.0, Retractable Camera, and 2-Year Full Warranty with Accidental Damage Protection | F19: https://drive.google.com/drive/folders/1wLZMc99DVhbR2wG6o9aY38qrxo2KXSXB?usp=drive_link | H19: 90PT03X5-M013C0 | I19: P440VAK-B7150WS | L19: 2.25 | M19: VSPT03X3-BU0060 | N19: Black | O19: 23.8-inch | P19: FHD (1920 x 1080) 16:9 | Q19: LCD | R19: 250nits | S19: sRGB: 100% | T19: 178/178 | U19: 14/25 | V19: 100Hz | W19: 1000:1 | X19: 93 % | Y19: Wide view | Z19: Anti-glare display | AA19: Non-touch screen | AB19: Normal Stand | AC19: Intel® Core™ i7-13620H Processor 2.4 GHz (24MB Cache, up to 4.9 GHz, 10 cores, 16 Threads) | AD19: N/A | AE19: N/A | AF19: Intel® UHD Graphics | AG19: 16GB DDR5 SO-DIMM | AH19: DDR5 16GB | AI19: 512GB M.2 NVMe™ PCIe® 4.0 SSD | AJ19: 2x DDR5 SO-DIMM slot | AK19: Not available | AL19: Wi-Fi 6(802.11ax) (Dual band) 2*2 + Bluetooth® 5.4 Wireless Card | AM19: Realtek RTL8111H 10/100/1000 Mbps | AN19: 1080p FHD camera | AO19: With privacy shutter | AP19: N/A | AQ19: Built-in array microphone Built-in speakers | AR19: Windows 11 Home - ASUS recommends Windows 11 Pro for business | AS19: Microsoft Office Home 2024_x000D_ Microsoft 365 Basic | AT19: ø4.5, 120W AC Adapter, Output: 20V DC, 6.0A, 120W, Input: 100~240V AC 50/60Hz universal | AU19: 1x Kensington lock 1x 3.5mm combo audio jack 1x USB 2.0 Type-A | AV19: 1x DC-in 1x RJ45 Gigabit Ethernet 1x HDMI in 1.4 1x HDMI out 1.4 1x USB 3.2 Gen 1 Type-C 3x USB 3.2 Gen 1 Type-A | AW19: 54.1 x 41.6 x 1.7 ~ 21.0 cm (21.30" x 16.38" x 0.67" ~ 8.27") | AX19: 06.90 kg (15.21 lbs) | AY19: BIOS Booting User Password Protection HDD User Password Protection and Security Kensington Security Slot™(7x 3mm) | AZ19: McAfee® 30 days free trial | BA19: Trusted Platform Module (TPM) 2.0 | BB19: MyASUS ASUS Business Manager AI ExpertMeet (AI features need devices with 12GB RAM or more) | BC19: System diagnosis Fan Profile Splendid AppDeals Link to MyASUS | BD19: Wired black keyboard (USB) Wired optical mouse (USB) | BE19: EPEAT Gold Energy star 8.0 REACH RoHS | BF19: ACCX002-04PE//1Y Extension ACX11-00481DPT//2Y Extension ACX11-00482DPT//3Y Extension ACX12-002742PT//2Y Accidental Damage Protection* ACX12-002752PT//1Y Extension 3Y Accidental Damage Protection* *upgrade ACX12-002782PT//2Y Extension 4Y Accidental Damage Protection* *upgrade ACX12-002792PT//3Y Extension 5Y Accidental Damage Protection**upgrade ACX13-007990PT//3Y Extension 5Y OnSite Service*upgrade ACX13-0079A0PT//1Y Extension 3Y OnSite Service*upgrade ACX13-0079C0PT//2Y OnSite Service*upgrade ACX13-0079H0PT//2Y Extension 4Y OnSite Service*upgrade ACX15-021900PT//2Y OnSite Service 2Y Accidental Damage Protection* 2Y HDD_Retention*upgrade ACX15-021910PT//1Y Extension 3Y OnSite Service 3Y Accidental Damage Protection* 3Y HDD_Retention*upgrade ACX15-021920PT//2Y Extension 4Y OnSite Service 4Y Accidental Damage Protection* 4Y HDD_Retention*upgrade ACX15-021930PT//3Y Extension 5Y OnSite Service 5Y Accidental Damage Protection* 5Y HDD_Retention*upgrade | BG19: 65% PCR recycled plastic rear cover | BH19: 65% PCR recycled plastic base cover | BI19: 55%
A20: =IF(ISBLANK(I20),"",H20) -> 90PT03X5-M013D0 | B20: =IF(ISBLANK(I20),"",I20) -> P440VAK-B7850WS | C20: =IF(ISBLANK(I20),"",IF(LEFT(H20, 4) = "90PF",_xlfn.XLOOKUP(B20,'Auto-PF'!$A$2:$A$500,'Auto-PF'!$B$2:$B$500,"Not found",0),_xlfn.XLOOKUP(LEFT(B20,5),'MKT name rule'!$B$2:$B$322,'MKT name rule'!$C$2:$C$322, "Not found"))) -> ASUS ExpertCenter P400 | D20: Trusted by IT Experts. Built for Worry-Free Business. | E20: - Business-Class Performance in a Sleek Design with 93% Screen-to-Body Ratio and 100Hz Responsive Touchscreen - Optimized for Hybrid Work with AI ExpertMeet and Immersive Dolby Audio - Enterprise-Grade Security and Reliability with TPM 2.0, Retractable Camera, and 2-Year Full Warranty with Accidental Damage Protection | F20: https://drive.google.com/drive/folders/1T6Cq2vTLprQ8W8i_XmZQmKH8XinuYBKy?usp=drive_link | H20: 90PT03X5-M013D0 | I20: P440VAK-B7850WS | J20: 4711387957615 | K20: 197105957619 | L20: 2.202 | M20: VSPT03X3-BU0060 | N20: Black | O20: 23.8-inch | P20: FHD (1920 x 1080) 16:9 | Q20: LCD | R20: 250nits | S20: sRGB: 100% | T20: 178/178 | U20: 14/25 | V20: 100Hz | W20: 1000:1 | X20: 93 % | Y20: Wide view | Z20: Anti-glare display | AA20: Non-touch screen | AB20: Normal Stand | AC20: Intel® Core™ i7-13620H Processor 2.4 GHz (24MB Cache, up to 4.9 GHz, 10 cores, 16 Threads) | AD20: N/A | AE20: N/A | AF20: Intel® UHD Graphics | AG20: 8GB DDR5 SO-DIMM | AH20: DDR5 8GB | AI20: 512GB M.2 NVMe™ PCIe® 4.0 SSD | AJ20: 2x DDR5 SO-DIMM slot | AK20: Not available | AL20: Wi-Fi 6(802.11ax) (Dual band) 2*2 + Bluetooth® 5.4 Wireless Card | AM20: Realtek RTL8111H 10/100/1000 Mbps | AN20: 1080p FHD camera | AO20: With privacy shutter | AP20: N/A | AQ20: Built-in array microphone Built-in speakers | AR20: Windows 11 Home - ASUS recommends Windows 11 Pro for business | AS20: Microsoft Office Home 2024_x000D_ Microsoft 365 Basic | AT20: ø4.5, 120W AC Adapter, Output: 20V DC, 6.0A, 120W, Input: 100~240V AC 50/60Hz universal | AU20: 1x Kensington lock 1x 3.5mm combo audio jack 1x USB 2.0 Type-A | AV20: 1x DC-in 1x RJ45 Gigabit Ethernet 1x HDMI in 1.4 1x HDMI out 1.4 1x USB 3.2 Gen 1 Type-C 3x USB 3.2 Gen 1 Type-A | AW20: 54.1 x 41.6 x 1.7 ~ 21.0 cm (21.30" x 16.38" x 0.67" ~ 8.27") | AX20: 06.90 kg (15.21 lbs) | AY20: BIOS Booting User Password Protection HDD User Password Protection and Security Kensington Security Slot™(7x 3mm) | AZ20: McAfee® 30 days free trial | BA20: Trusted Platform Module (TPM) 2.0 | BB20: MyASUS ASUS Business Manager AI ExpertMeet (AI features need devices with 12GB RAM or more) | BC20: System diagnosis Fan Profile Splendid AppDeals Link to MyASUS | BD20: Wired black keyboard (USB) Wired optical mouse (USB) | BE20: EPEAT Gold Energy star 8.0 REACH RoHS | BF20: ACCX002-04PE//1Y Extension ACX11-00481DPT//2Y Extension ACX11-00482DPT//3Y Extension ACX12-002742PT//2Y Accidental Damage Protection* ACX12-002752PT//1Y Extension 3Y Accidental Damage Protection* *upgrade ACX12-002782PT//2Y Extension 4Y Accidental Damage Protection* *upgrade ACX12-002792PT//3Y Extension 5Y Accidental Damage Protection**upgrade ACX13-007990PT//3Y Extension 5Y OnSite Service*upgrade ACX13-0079A0PT//1Y Extension 3Y OnSite Service*upgrade ACX13-0079C0PT//2Y OnSite Service*upgrade ACX13-0079H0PT//2Y Extension 4Y OnSite Service*upgrade ACX15-021900PT//2Y OnSite Service 2Y Accidental Damage Protection* 2Y HDD_Retention*upgrade ACX15-021910PT//1Y Extension 3Y OnSite Service 3Y Accidental Damage Protection* 3Y HDD_Retention*upgrade ACX15-021920PT//2Y Extension 4Y OnSite Service 4Y Accidental Damage Protection* 4Y HDD_Retention*upgrade ACX15-021930PT//3Y Extension 5Y OnSite Service 5Y Accidental Damage Protection* 5Y HDD_Retention*upgrade | BG20: 65% PCR recycled plastic rear cover | BH20: 65% PCR recycled plastic base cover | BI20: 55%
A21: =IF(ISBLANK(I21),"",H21) -> 90PT03X5-M013E0 | B21: =IF(ISBLANK(I21),"",I21) -> P440VAT-B5850WS | C21: =IF(ISBLANK(I21),"",IF(LEFT(H21, 4) = "90PF",_xlfn.XLOOKUP(B21,'Auto-PF'!$A$2:$A$500,'Auto-PF'!$B$2:$B$500,"Not found",0),_xlfn.XLOOKUP(LEFT(B21,5),'MKT name rule'!$B$2:$B$322,'MKT name rule'!$C$2:$C$322, "Not found"))) -> ASUS ExpertCenter P400 | D21: Trusted by IT Experts. Built for Worry-Free Business. | E21: - Business-Class Performance in a Sleek Design with 93% Screen-to-Body Ratio and 75Hz Responsive Touchscreen - Optimized for Hybrid Work with AI ExpertMeet and Immersive Dolby Audio - Enterprise-Grade Security and Reliability with TPM 2.0, Retractable Camera, and 2-Year Full Warranty with Accidental Damage Protection | F21: https://drive.google.com/drive/folders/1WaGn6m1XbL_RP5TK8YljlP0o7gCXDrTK?usp=drive_link | H21: 90PT03X5-M013E0 | I21: P440VAT-B5850WS | J21: 4711636034753 | K21: 199291034754 | L21: 1.982 | M21: VSPT03X3-BU0080 | N21: Black | O21: 23.8-inch | P21: FHD (1920 x 1080) 16:9 | Q21: LCD | R21: 250nits | S21: sRGB: 100% | T21: 178/178 | U21: 14/25 | V21: 75Hz | W21: 1000:1 | X21: 93 % | Y21: Wide view | Z21: Anti-glare display | AA21: Touch screen | AB21: Normal Stand | AC21: Intel® Core™ i5-13420H Processor 2.1 GHz (12MB Cache, up to 4.6 GHz, 8 cores, 12 Threads) | AD21: N/A | AE21: N/A | AF21: Intel® UHD Graphics | AG21: 8GB DDR5 SO-DIMM | AH21: DDR5 8GB | AI21: 512GB M.2 NVMe™ PCIe® 4.0 SSD | AJ21: 2x DDR5 SO-DIMM slot | AK21: Not available | AL21: Wi-Fi 6(802.11ax) (Dual band) 2*2 + Bluetooth® 5.4 Wireless Card | AM21: Realtek RTL8111H 10/100/1000 Mbps | AN21: 1080p FHD camera | AO21: With privacy shutter | AP21: N/A | AQ21: Built-in array microphone Built-in speakers | AR21: Windows 11 Home - ASUS recommends Windows 11 Pro for business | AS21: Microsoft Office Home 2024_x000D_ Microsoft 365 Basic | AT21: ø4.5, 120W AC Adapter, Output: 20V DC, 6.0A, 120W, Input: 100~240V AC 50/60Hz universal | AU21: 1x Kensington lock 1x 3.5mm combo audio jack 1x USB 2.0 Type-A | AV21: 1x DC-in 1x RJ45 Gigabit Ethernet 1x HDMI in 1.4 1x HDMI out 1.4 1x USB 3.2 Gen 1 Type-C 3x USB 3.2 Gen 1 Type-A | AW21: 54.1 x 41.6 x 1.7 ~ 21.0 cm (21.30" x 16.38" x 0.67" ~ 8.27") | AX21: 06.90 kg (15.21 lbs) | AY21: BIOS Booting User Password Protection HDD User Password Protection and Security Kensington Security Slot™(7x 3mm) | AZ21: McAfee® 30 days free trial | BA21: Trusted Platform Module (TPM) 2.0 | BB21: MyASUS ASUS Business Manager AI ExpertMeet (AI features need devices with 12GB RAM or more) | BC21: System diagnosis Fan Profile Splendid AppDeals Link to MyASUS | BD21: Wired black keyboard (USB) Wired optical mouse (USB) | BE21: EPEAT Gold Energy star 8.0 REACH RoHS | BF21: ACCX002-04PE//1Y Extension ACX11-00481DPT//2Y Extension ACX11-00482DPT//3Y Extension ACX12-002742PT//2Y Accidental Damage Protection* ACX12-002752PT//1Y Extension 3Y Accidental Damage Protection* *upgrade ACX12-002782PT//2Y Extension 4Y Accidental Damage Protection* *upgrade ACX12-002792PT//3Y Extension 5Y Accidental Damage Protection**upgrade ACX13-007990PT//3Y Extension 5Y OnSite Service*upgrade ACX13-0079A0PT//1Y Extension 3Y OnSite Service*upgrade ACX13-0079C0PT//2Y OnSite Service*upgrade ACX13-0079H0PT//2Y Extension 4Y OnSite Service*upgrade ACX15-021900PT//2Y OnSite Service 2Y Accidental Damage Protection* 2Y HDD_Retention*upgrade ACX15-021910PT//1Y Extension 3Y OnSite Service 3Y Accidental Damage Protection* 3Y HDD_Retention*upgrade ACX15-021920PT//2Y Extension 4Y OnSite Service 4Y Accidental Damage Protection* 4Y HDD_Retention*upgrade ACX15-021930PT//3Y Extension 5Y OnSite Service 5Y Accidental Damage Protection* 5Y HDD_Retention*upgrade | BG21: 65% PCR recycled plastic rear cover | BH21: 65% PCR recycled plastic base cover | BI21: 55%
A22: =IF(ISBLANK(I22),"",H22) -> 90PT03X5-M013F0 | B22: =IF(ISBLANK(I22),"",I22) -> P440VAT-B7150WS | C22: =IF(ISBLANK(I22),"",IF(LEFT(H22, 4) = "90PF",_xlfn.XLOOKUP(B22,'Auto-PF'!$A$2:$A$500,'Auto-PF'!$B$2:$B$500,"Not found",0),_xlfn.XLOOKUP(LEFT(B22,5),'MKT name rule'!$B$2:$B$322,'MKT name rule'!$C$2:$C$322, "Not found"))) -> ASUS ExpertCenter P400 | D22: Trusted by IT Experts. Built for Worry-Free Business. | E22: - Business-Class Performance in a Sleek Design with 93% Screen-to-Body Ratio and 75Hz Responsive Touchscreen - Optimized for Hybrid Work with AI ExpertMeet and Immersive Dolby Audio - Enterprise-Grade Security and Reliability with TPM 2.0, Retractable Camera, and 2-Year Full Warranty with Accidental Damage Protection | F22: https://drive.google.com/drive/folders/1tx_iFxLJmKP77gtsv4tCHPzySPRpiygS?usp=drive_link | H22: 90PT03X5-M013F0 | I22: P440VAT-B7150WS | L22: 2.03 | M22: VSPT03X3-BU0080 | N22: Black | O22: 23.8-inch | P22: FHD (1920 x 1080) 16:9 | Q22: LCD | R22: 250nits | S22: sRGB: 100% | T22: 178/178 | U22: 14/25 | V22: 75Hz | W22: 1000:1 | X22: 93 % | Y22: Wide view | Z22: Anti-glare display | AA22: Touch screen | AB22: Normal Stand | AC22: Intel® Core™ i7-13620H Processor 2.4 GHz (24MB Cache, up to 4.9 GHz, 10 cores, 16 Threads) | AD22: N/A | AE22: N/A | AF22: Intel® UHD Graphics | AG22: 16GB DDR5 SO-DIMM | AH22: DDR5 16GB | AI22: 512GB M.2 NVMe™ PCIe® 4.0 SSD | AJ22: 2x DDR5 SO-DIMM slot | AK22: Not available | AL22: Wi-Fi 6(802.11ax) (Dual band) 2*2 + Bluetooth® 5.4 Wireless Card | AM22: Realtek RTL8111H 10/100/1000 Mbps | AN22: 1080p FHD camera | AO22: With privacy shutter | AP22: N/A | AQ22: Built-in array microphone Built-in speakers | AR22: Windows 11 Home - ASUS recommends Windows 11 Pro for business | AS22: Microsoft Office Home 2024_x000D_ Microsoft 365 Basic | AT22: ø4.5, 120W AC Adapter, Output: 20V DC, 6.0A, 120W, Input: 100~240V AC 50/60Hz universal | AU22: 1x Kensington lock 1x 3.5mm combo audio jack 1x USB 2.0 Type-A | AV22: 1x DC-in 1x RJ45 Gigabit Ethernet 1x HDMI in 1.4 1x HDMI out 1.4 1x USB 3.2 Gen 1 Type-C 3x USB 3.2 Gen 1 Type-A | AW22: 54.1 x 41.6 x 1.7 ~ 21.0 cm (21.30" x 16.38" x 0.67" ~ 8.27") | AX22: 06.90 kg (15.21 lbs) | AY22: BIOS Booting User Password Protection HDD User Password Protection and Security Kensington Security Slot™(7x 3mm) | AZ22: McAfee® 30 days free trial | BA22: Trusted Platform Module (TPM) 2.0 | BB22: MyASUS ASUS Business Manager AI ExpertMeet (AI features need devices with 12GB RAM or more) | BC22: System diagnosis Fan Profile Splendid AppDeals Link to MyASUS | BD22: Wired black keyboard (USB) Wired optical mouse (USB) | BE22: EPEAT Gold Energy star 8.0 REACH RoHS | BF22: ACCX002-04PE//1Y Extension ACX11-00481DPT//2Y Extension ACX11-00482DPT//3Y Extension ACX12-002742PT//2Y Accidental Damage Protection* ACX12-002752PT//1Y Extension 3Y Accidental Damage Protection* *upgrade ACX12-002782PT//2Y Extension 4Y Accidental Damage Protection* *upgrade ACX12-002792PT//3Y Extension 5Y Accidental Damage Protection**upgrade ACX13-007990PT//3Y Extension 5Y OnSite Service*upgrade ACX13-0079A0PT//1Y Extension 3Y OnSite Service*upgrade ACX13-0079C0PT//2Y OnSite Service*upgrade ACX13-0079H0PT//2Y Extension 4Y OnSite Service*upgrade ACX15-021900PT//2Y OnSite Service 2Y Accidental Damage Protection* 2Y HDD_Retention*upgrade ACX15-021910PT//1Y Extension 3Y OnSite Service 3Y Accidental Damage Protection* 3Y HDD_Retention*upgrade ACX15-021920PT//2Y Extension 4Y OnSite Service 4Y Accidental Damage Protection* 4Y HDD_Retention*upgrade ACX15-021930PT//3Y Extension 5Y OnSite Service 5Y Accidental Damage Protection* 5Y HDD_Retention*upgrade | BG22: 65% PCR recycled plastic rear cover | BH22: 65% PCR recycled plastic base cover | BI22: 55%
A23: =IF(ISBLANK(I23),"",H23) -> 90PT03X5-M015N0 | B23: =IF(ISBLANK(I23),"",I23) -> P440VAT-B5150WS | C23: =IF(ISBLANK(I23),"",IF(LEFT(H23, 4) = "90PF",_xlfn.XLOOKUP(B23,'Auto-PF'!$A$2:$A$500,'Auto-PF'!$B$2:$B$500,"Not found",0),_xlfn.XLOOKUP(LEFT(B23,5),'MKT name rule'!$B$2:$B$322,'MKT name rule'!$C$2:$C$322, "Not found"))) -> ASUS ExpertCenter P400 | D23: Trusted by IT Experts. Built for Worry-Free Business. | E23: - Business-Class Performance in a Sleek Design with 93% Screen-to-Body Ratio and 75Hz Responsive Touchscreen - Optimized for Hybrid Work with AI ExpertMeet and Immersive Dolby Audio - Enterprise-Grade Security and Reliability with TPM 2.0, Retractable Camera, and 2-Year Full Warranty with Accidental Damage Protection | F23: https://drive.google.com/drive/folders/1MgBxNhWrVR0wBTY9L6D0wyIo0JuTiTnS?usp=drive_link | H23: 90PT03X5-M015N0 | I23: P440VAT-B5150WS | L23: 2.03 | M23: VSPT03X3-BU0080 | N23: Black | O23: 23.8-inch | P23: FHD (1920 x 1080) 16:9 | Q23: LCD | R23: 250nits | S23: sRGB: 100% | T23: 178/178 | U23: 14/25 | V23: 75Hz | W23: 1000:1 | X23: 93 % | Y23: Wide view | Z23: Anti-glare display | AA23: Touch screen | AB23: Normal Stand | AC23: Intel® Core™ i5-13420H Processor 2.1 GHz (12MB Cache, up to 4.6 GHz, 8 cores, 12 Threads) | AD23: N/A | AE23: N/A | AF23: Intel® UHD Graphics | AG23: 16GB DDR5 SO-DIMM | AH23: DDR5 16GB | AI23: 512GB M.2 NVMe™ PCIe® 4.0 SSD | AJ23: 2x DDR5 SO-DIMM slot | AK23: Not available | AL23: Wi-Fi 6(802.11ax) (Dual band) 2*2 + Bluetooth® 5.4 Wireless Card | AM23: Realtek RTL8111H 10/100/1000 Mbps | AN23: 1080p FHD camera | AO23: With privacy shutter | AP23: N/A | AQ23: Built-in array microphone Built-in speakers | AR23: Windows 11 Home - ASUS recommends Windows 11 Pro for business | AS23: Microsoft Office Home 2024_x000D_ Microsoft 365 Basic | AT23: ø4.5, 120W AC Adapter, Output: 20V DC, 6.0A, 120W, Input: 100~240V AC 50/60Hz universal | AU23: 1x Kensington lock 1x 3.5mm combo audio jack 1x USB 2.0 Type-A | AV23: 1x DC-in 1x RJ45 Gigabit Ethernet 1x HDMI in 1.4 1x HDMI out 1.4 1x USB 3.2 Gen 1 Type-C 3x USB 3.2 Gen 1 Type-A | AW23: 54.1 x 41.6 x 1.7 ~ 21.0 cm (21.30" x 16.38" x 0.67" ~ 8.27") | AX23: 06.90 kg (15.21 lbs) | AY23: BIOS Booting User Password Protection HDD User Password Protection and Security Kensington Security Slot™(7x 3mm) | AZ23: McAfee® 30 days free trial | BA23: Trusted Platform Module (TPM) 2.0 | BB23: MyASUS ASUS Business Manager AI ExpertMeet (AI features need devices with 12GB RAM or more) | BC23: System diagnosis Fan Profile Splendid AppDeals Link to MyASUS | BD23: Wired black keyboard (USB) Wired optical mouse (USB) | BE23: EPEAT Gold Energy star 8.0 REACH RoHS | BF23: ACCX002-04PE//1Y Extension ACX11-00481DPT//2Y Extension ACX11-00482DPT//3Y Extension ACX12-002742PT//2Y Accidental Damage Protection* ACX12-002752PT//1Y Extension 3Y Accidental Damage Protection* *upgrade ACX12-002782PT//2Y Extension 4Y Accidental Damage Protection* *upgrade ACX12-002792PT//3Y Extension 5Y Accidental Damage Protection**upgrade ACX13-007990PT//3Y Extension 5Y OnSite Service*upgrade ACX13-0079A0PT//1Y Extension 3Y OnSite Service*upgrade ACX13-0079C0PT//2Y OnSite Service*upgrade ACX13-0079H0PT//2Y Extension 4Y OnSite Service*upgrade ACX15-021900PT//2Y OnSite Service 2Y Accidental Damage Protection* 2Y HDD_Retention*upgrade ACX15-021910PT//1Y Extension 3Y OnSite Service 3Y Accidental Damage Protection* 3Y HDD_Retention*upgrade ACX15-021920PT//2Y Extension 4Y OnSite Service 4Y Accidental Damage Protection* 4Y HDD_Retention*upgrade ACX15-021930PT//3Y Extension 5Y OnSite Service 5Y Accidental Damage Protection* 5Y HDD_Retention*upgrade | BG23: 65% PCR recycled plastic rear cover | BH23: 65% PCR recycled plastic base cover | BI23: 55%
A24: =IF(ISBLANK(I24),"",H24) -> 90PT03W5-M00MW0 | B24: =IF(ISBLANK(I24),"",I24) -> P470VAT-B7150WS | C24: =IF(ISBLANK(I24),"",IF(LEFT(H24, 4) = "90PF",_xlfn.XLOOKUP(B24,'Auto-PF'!$A$2:$A$500,'Auto-PF'!$B$2:$B$500,"Not found",0),_xlfn.XLOOKUP(LEFT(B24,5),'MKT name rule'!$B$2:$B$322,'MKT name rule'!$C$2:$C$322, "Not found"))) -> ASUS ExpertCenter P400 | D24: Trusted by IT Experts. Built for Worry-Free Business. | E24: - Business-Class Performance in a Sleek Design with 93% Screen-to-Body Ratio and 75Hz Responsive Touchscreen - Optimized for Hybrid Work with AI ExpertMeet and Immersive Dolby Audio - Enterprise-Grade Security and Reliability with TPM 2.0, Retractable Camera, and 2-Year Full Warranty with Accidental Damage Protection | F24: https://drive.google.com/drive/folders/1PorM88ApsiThUohUUr5x2ue1BcgGKrLE?usp=drive_link | H24: 90PT03W5-M00MW0 | I24: P470VAT-B7150WS | J24: 4711636034784 | K24: 199291034785 | L24: 3.262 | M24: VSPT03W3-BU0080 | N24: Black | O24: 27.0-inch | P24: FHD (1920 x 1080) 16:9 | Q24: LCD | R24: 300nits | S24: sRGB: 100% | T24: 178/178 | U24: 14/25 | V24: 75Hz | W24: 1000:1 | X24: 93 % | Y24: Wide view | Z24: Anti-glare display | AA24: Touch screen | AB24: Normal Stand | AC24: Intel® Core™ i7-13620H Processor 2.4 GHz (24MB Cache, up to 4.9 GHz, 10 cores, 16 Threads) | AD24: N/A | AE24: N/A | AF24: Intel® UHD Graphics | AG24: 16GB DDR5 SO-DIMM | AH24: DDR5 16GB | AI24: 512GB M.2 NVMe™ PCIe® 4.0 SSD | AJ24: 2x DDR5 SO-DIMM slot | AK24: Not available | AL24: Wi-Fi 6E(802.11ax) (Dual band) 2*2 + Bluetooth® 5.4 Wireless Card | AM24: Realtek RTL8111H 10/100/1000 Mbps | AN24: 1080p FHD camera | AO24: With privacy shutter | AP24: N/A | AQ24: Built-in array microphone Built-in speakers | AR24: Windows 11 Home - ASUS recommends Windows 11 Pro for business | AS24: Microsoft Office Home 2024_x000D_ Microsoft 365 Basic | AT24: ø4.5, 120W AC Adapter, Output: 20V DC, 6.0A, 120W, Input: 100~240V AC 50/60Hz universal | AU24: 1x Kensington lock 1x 3.5mm combo audio jack 1x USB 2.0 Type-A | AV24: 1x DC-in 1x RJ45 Gigabit Ethernet 1x HDMI in 1.4 1x HDMI out 1.4 1x USB 3.2 Gen 1 Type-C 3x USB 3.2 Gen 1 Type-A | AW24: 61.3 x 44.7 x 1.7 ~ 21.0 cm (24.13" x 17.60" x 0.67" ~ 8.27") | AX24: 09.00 kg (19.84 lbs) | AY24: BIOS Booting User Password Protection HDD User Password Protection and Security Kensington Security Slot™(7x 3mm) | AZ24: McAfee® 30 days free trial | BA24: Trusted Platform Module (TPM) 2.0 | BB24: MyASUS ASUS Business Manager AI ExpertMeet (AI features need devices with 12GB RAM or more) | BC24: System diagnosis Fan Profile Splendid AppDeals Link to MyASUS | BD24: Wired black keyboard (USB) Wired optical mouse (USB) | BE24: EPEAT Gold Energy star 8.0 REACH RoHS | BF24: ACCX002-04PE//1Y Extension ACX11-00481DPT//2Y Extension ACX11-00482DPT//3Y Extension ACX12-002742PT//2Y Accidental Damage Protection* ACX12-002752PT//1Y Extension 3Y Accidental Damage Protection* *upgrade ACX12-002782PT//2Y Extension 4Y Accidental Damage Protection* *upgrade ACX12-002792PT//3Y Extension 5Y Accidental Damage Protection**upgrade ACX13-007990PT//3Y Extension 5Y OnSite Service*upgrade ACX13-0079A0PT//1Y Extension 3Y OnSite Service*upgrade ACX13-0079C0PT//2Y OnSite Service*upgrade ACX13-0079H0PT//2Y Extension 4Y OnSite Service*upgrade ACX15-021900PT//2Y OnSite Service 2Y Accidental Damage Protection* 2Y HDD_Retention*upgrade ACX15-021910PT//1Y Extension 3Y OnSite Service 3Y Accidental Damage Protection* 3Y HDD_Retention*upgrade ACX15-021920PT//2Y Extension 4Y OnSite Service 4Y Accidental Damage Protection* 4Y HDD_Retention*upgrade ACX15-021930PT//3Y Extension 5Y OnSite Service 5Y Accidental Damage Protection* 5Y HDD_Retention*upgrade | BG24: 65% PCR recycled plastic rear cover | BH24: 65% PCR recycled plastic base cover | BI24: 55%
A25: =IF(ISBLANK(I25),"",H25) -> 90PT03W5-M00PA0 | B25: =IF(ISBLANK(I25),"",I25) -> P470VAK-B7150WS | C25: =IF(ISBLANK(I25),"",IF(LEFT(H25, 4) = "90PF",_xlfn.XLOOKUP(B25,'Auto-PF'!$A$2:$A$500,'Auto-PF'!$B$2:$B$500,"Not found",0),_xlfn.XLOOKUP(LEFT(B25,5),'MKT name rule'!$B$2:$B$322,'MKT name rule'!$C$2:$C$322, "Not found"))) -> ASUS ExpertCenter P400 | D25: Trusted by IT Experts. Built for Worry-Free Business. | E25: - Business-Class Performance in a Sleek Design with 93% Screen-to-Body Ratio and 100Hz Responsive Touchscreen - Optimized for Hybrid Work with AI ExpertMeet and Immersive Dolby Audio - Enterprise-Grade Security and Reliability with TPM 2.0, Retractable Camera, and 2-Year Full Warranty with Accidental Damage Protection | F25: https://drive.google.com/drive/folders/1hDS1yNO_6dx9G_U3LcKZmzukDp_oJS2L?usp=drive_link | H25: 90PT03W5-M00PA0 | I25: P470VAK-B7150WS | J25: 4711387957592 | K25: 197105957596 | L25: 3.102 | M25: VSPT03W3-BU0060 | N25: Black | O25: 27.0-inch | P25: FHD (1920 x 1080) 16:9 | Q25: LCD | R25: 300nits | S25: sRGB: 100% | T25: 178/178 | U25: 14/25 | V25: 100Hz | W25: 1000:1 | X25: 93 % | Y25: Wide view | Z25: Anti-glare display | AA25: Non-touch screen | AB25: Normal Stand | AC25: Intel® Core™ i7-13620H Processor 2.4 GHz (24MB Cache, up to 4.9 GHz, 10 cores, 16 Threads) | AD25: N/A | AE25: N/A | AF25: Intel® UHD Graphics | AG25: 16GB DDR5 SO-DIMM | AH25: DDR5 16GB | AI25: 512GB M.2 NVMe™ PCIe® 4.0 SSD | AJ25: 2x DDR5 SO-DIMM slot | AK25: Not available | AL25: Wi-Fi 6E(802.11ax) (Dual band) 2*2 + Bluetooth® 5.4 Wireless Card | AM25: Realtek RTL8111H 10/100/1000 Mbps | AN25: 1080p FHD camera | AO25: With privacy shutter | AP25: N/A | AQ25: Built-in array microphone Built-in speakers | AR25: Windows 11 Home - ASUS recommends Windows 11 Pro for business | AS25: Microsoft Office Home 2024_x000D_ Microsoft 365 Basic | AT25: ø4.5, 120W AC Adapter, Output: 20V DC, 6.0A, 120W, Input: 100~240V AC 50/60Hz universal | AU25: 1x Kensington lock 1x 3.5mm combo audio jack 1x USB 2.0 Type-A | AV25: 1x DC-in 1x RJ45 Gigabit Ethernet 1x HDMI in 1.4 1x HDMI out 1.4 1x USB 3.2 Gen 1 Type-C 3x USB 3.2 Gen 1 Type-A | AW25: 61.3 x 44.7 x 1.7 ~ 21.0 cm (24.13" x 17.60" x 0.67" ~ 8.27") | AX25: 09.00 kg (19.84 lbs) | AY25: BIOS Booting User Password Protection HDD User Password Protection and Security Kensington Security Slot™(7x 3mm) | AZ25: McAfee® 30 days free trial | BA25: Trusted Platform Module (TPM) 2.0 | BB25: MyASUS ASUS Business Manager AI ExpertMeet (AI features need devices with 12GB RAM or more) | BC25: System diagnosis Fan Profile Splendid AppDeals Link to MyASUS | BD25: Wired black keyboard (USB) Wired optical mouse (USB) | BE25: EPEAT Gold Energy star 8.0 REACH RoHS | BF25: ACCX002-04PE//1Y Extension ACX11-00481DPT//2Y Extension ACX11-00482DPT//3Y Extension ACX12-002742PT//2Y Accidental Damage Protection* ACX12-002752PT//1Y Extension 3Y Accidental Damage Protection* *upgrade ACX12-002782PT//2Y Extension 4Y Accidental Damage Protection* *upgrade ACX12-002792PT//3Y Extension 5Y Accidental Damage Protection**upgrade ACX13-007990PT//3Y Extension 5Y OnSite Service*upgrade ACX13-0079A0PT//1Y Extension 3Y OnSite Service*upgrade ACX13-0079C0PT//2Y OnSite Service*upgrade ACX13-0079H0PT//2Y Extension 4Y OnSite Service*upgrade ACX15-021900PT//2Y OnSite Service 2Y Accidental Damage Protection* 2Y HDD_Retention*upgrade ACX15-021910PT//1Y Extension 3Y OnSite Service 3Y Accidental Damage Protection* 3Y HDD_Retention*upgrade ACX15-021920PT//2Y Extension 4Y OnSite Service 4Y Accidental Damage Protection* 4Y HDD_Retention*upgrade ACX15-021930PT//3Y Extension 5Y OnSite Service 5Y Accidental Damage Protection* 5Y HDD_Retention*upgrade | BG25: 65% PCR recycled plastic rear cover | BH25: 65% PCR recycled plastic base cover | BI25: 55%
A26: =IF(ISBLANK(I26),"",H26) -> 90PT03W5-M00PB0 | B26: =IF(ISBLANK(I26),"",I26) -> P470VAK-B5150WS | C26: =IF(ISBLANK(I26),"",IF(LEFT(H26, 4) = "90PF",_xlfn.XLOOKUP(B26,'Auto-PF'!$A$2:$A$500,'Auto-PF'!$B$2:$B$500,"Not found",0),_xlfn.XLOOKUP(LEFT(B26,5),'MKT name rule'!$B$2:$B$322,'MKT name rule'!$C$2:$C$322, "Not found"))) -> ASUS ExpertCenter P400 | D26: Trusted by IT Experts. Built for Worry-Free Business. | E26: - Business-Class Performance in a Sleek Design with 93% Screen-to-Body Ratio and 100Hz Responsive Touchscreen - Optimized for Hybrid Work with AI ExpertMeet and Immersive Dolby Audio - Enterprise-Grade Security and Reliability with TPM 2.0, Retractable Camera, and 2-Year Full Warranty with Accidental Damage Protection | F26: https://drive.google.com/drive/folders/1EbpfaL63pE01BsJHOsEwab8kvl8UaIr3?usp=drive_link | H26: 90PT03W5-M00PB0 | I26: P470VAK-B5150WS | L26: 3.15 | M26: VSPT03W3-BU0060 | N26: Black | O26: 27.0-inch | P26: FHD (1920 x 1080) 16:9 | Q26: LCD | R26: 300nits | S26: sRGB: 100% | T26: 178/178 | U26: 14/25 | V26: 100Hz | W26: 1000:1 | X26: 93 % | Y26: Wide view | Z26: Anti-glare display | AA26: Non-touch screen | AB26: Normal Stand | AC26: Intel® Core™ i5-13420H Processor 2.1 GHz (12MB Cache, up to 4.6 GHz, 8 cores, 12 Threads) | AD26: N/A | AE26: N/A | AF26: Intel® UHD Graphics | AG26: 16GB DDR5 SO-DIMM | AH26: DDR5 16GB | AI26: 512GB M.2 NVMe™ PCIe® 4.0 SSD | AJ26: 2x DDR5 SO-DIMM slot | AK26: Not available | AL26: Wi-Fi 6E(802.11ax) (Dual band) 2*2 + Bluetooth® 5.4 Wireless Card | AM26: Realtek RTL8111H 10/100/1000 Mbps | AN26: 1080p FHD camera | AO26: With privacy shutter | AP26: N/A | AQ26: Built-in array microphone Built-in speakers | AR26: Windows 11 Home - ASUS recommends Windows 11 Pro for business | AS26: Microsoft Office Home 2024_x000D_ Microsoft 365 Basic | AT26: ø4.5, 120W AC Adapter, Output: 20V DC, 6.0A, 120W, Input: 100~240V AC 50/60Hz universal | AU26: 1x Kensington lock 1x 3.5mm combo audio jack 1x USB 2.0 Type-A | AV26: 1x DC-in 1x RJ45 Gigabit Ethernet 1x HDMI in 1.4 1x HDMI out 1.4 1x USB 3.2 Gen 1 Type-C 3x USB 3.2 Gen 1 Type-A | AW26: 61.3 x 44.7 x 1.7 ~ 21.0 cm (24.13" x 17.60" x 0.67" ~ 8.27") | AX26: 09.00 kg (19.84 lbs) | AY26: BIOS Booting User Password Protection HDD User Password Protection and Security Kensington Security Slot™(7x 3mm) | AZ26: McAfee® 30 days free trial | BA26: Trusted Platform Module (TPM) 2.0 | BB26: MyASUS ASUS Business Manager AI ExpertMeet (AI features need devices with 12GB RAM or more) | BC26: System diagnosis Fan Profile Splendid AppDeals Link to MyASUS | BD26: Wired black keyboard (USB) Wired optical mouse (USB) | BE26: EPEAT Gold Energy star 8.0 REACH RoHS | BF26: ACCX002-04PE//1Y Extension ACX11-00481DPT//2Y Extension ACX11-00482DPT//3Y Extension ACX12-002742PT//2Y Accidental Damage Protection* ACX12-002752PT//1Y Extension 3Y Accidental Damage Protection* *upgrade ACX12-002782PT//2Y Extension 4Y Accidental Damage Protection* *upgrade ACX12-002792PT//3Y Extension 5Y Accidental Damage Protection**upgrade ACX13-007990PT//3Y Extension 5Y OnSite Service*upgrade ACX13-0079A0PT//1Y Extension 3Y OnSite Service*upgrade ACX13-0079C0PT//2Y OnSite Service*upgrade ACX13-0079H0PT//2Y Extension 4Y OnSite Service*upgrade ACX15-021900PT//2Y OnSite Service 2Y Accidental Damage Protection* 2Y HDD_Retention*upgrade ACX15-021910PT//1Y Extension 3Y OnSite Service 3Y Accidental Damage Protection* 3Y HDD_Retention*upgrade ACX15-021920PT//2Y Extension 4Y OnSite Service 4Y Accidental Damage Protection* 4Y HDD_Retention*upgrade ACX15-021930PT//3Y Extension 5Y OnSite Service 5Y Accidental Damage Protection* 5Y HDD_Retention*upgrade | BG26: 65% PCR recycled plastic rear cover | BH26: 65% PCR recycled plastic base cover | BI26: 55%
A27: =IF(ISBLANK(I27),"",H27) -> 90PT03W6-M00PC0 | B27: =IF(ISBLANK(I27),"",I27) -> P470VAT-B7310WSH | C27: =IF(ISBLANK(I27),"",IF(LEFT(H27, 4) = "90PF",_xlfn.XLOOKUP(B27,'Auto-PF'!$A$2:$A$500,'Auto-PF'!$B$2:$B$500,"Not found",0),_xlfn.XLOOKUP(LEFT(B27,5),'MKT name rule'!$B$2:$B$322,'MKT name rule'!$C$2:$C$322, "Not found"))) -> ASUS ExpertCenter P400 | D27: Trusted by IT Experts. Built for Worry-Free Business. | E27: - Business-Class Performance in a Sleek Design with 93% Screen-to-Body Ratio and 75Hz Responsive Touchscreen - Optimized for Hybrid Work with AI ExpertMeet and Immersive Dolby Audio - Enterprise-Grade Security and Reliability with TPM 2.0, Retractable Camera, and 2-Year Full Warranty with Accidental Damage Protection | F27: https://drive.google.com/drive/folders/1MRbpPV8L1W2zU57o99w4K0F2UTyfgYAc?usp=drive_link | H27: 90PT03W6-M00PC0 | I27: P470VAT-B7310WSH | L27: 3.31 | M27: VSPT03W3-BU0160 | N27: Black | O27: 27.0-inch | P27: FHD (1920 x 1080) 16:9 | Q27: LCD | R27: 300nits | S27: sRGB: 100% | T27: 178/178 | U27: 14/25 | V27: 75Hz | W27: 1000:1 | X27: 93 % | Y27: Wide view | Z27: Anti-glare display | AA27: Touch screen | AB27: HAS stand with VESA supported | AC27: Intel® Core™ i7-13620H Processor 2.4 GHz (24MB Cache, up to 4.9 GHz, 10 cores, 16 Threads) | AD27: N/A | AE27: N/A | AF27: Intel® UHD Graphics | AG27: 16GB DDR5 SO-DIMM *2 | AH27: DDR5 32GB | AI27: 1TB M.2 NVMe™ PCIe® 4.0 SSD | AJ27: 2x DDR5 SO-DIMM slot | AK27: Not available | AL27: Wi-Fi 6E(802.11ax) (Dual band) 2*2 + Bluetooth® 5.4 Wireless Card | AM27: Realtek RTL8111H 10/100/1000 Mbps | AN27: 1080p FHD camera | AO27: With privacy shutter | AP27: N/A | AQ27: Built-in array microphone Built-in speakers | AR27: Windows 11 Home - ASUS recommends Windows 11 Pro for business | AS27: Microsoft Office Home 2024_x000D_ Microsoft 365 Basic | AT27: ø4.5, 120W AC Adapter, Output: 20V DC, 6.0A, 120W, Input: 100~240V AC 50/60Hz universal | AU27: 1x Kensington lock 1x 3.5mm combo audio jack 1x USB 2.0 Type-A | AV27: 1x DC-in 1x RJ45 Gigabit Ethernet 1x HDMI in 1.4 1x HDMI out 1.4 1x USB 3.2 Gen 1 Type-C 3x USB 3.2 Gen 1 Type-A | AW27: 61.3 x 44.7 x 1.7 ~ 21.0 cm (24.13" x 17.60" x 0.67" ~ 8.27") | AX27: 09.00 kg (19.84 lbs) | AY27: BIOS Booting User Password Protection HDD User Password Protection and Security Kensington Security Slot™(7x 3mm) | AZ27: McAfee® 30 days free trial | BA27: Trusted Platform Module (TPM) 2.0 | BB27: MyASUS ASUS Business Manager AI ExpertMeet (AI features need devices with 12GB RAM or more) | BC27: System diagnosis Fan Profile Splendid AppDeals Link to MyASUS | BD27: Wired black keyboard (USB) Wired optical mouse (USB) | BE27: EPEAT Gold Energy star 8.0 REACH RoHS | BF27: ACCX002-04PE//1Y Extension ACX11-00481DPT//2Y Extension ACX11-00482DPT//3Y Extension ACX12-002742PT//2Y Accidental Damage Protection* ACX12-002752PT//1Y Extension 3Y Accidental Damage Protection* *upgrade ACX12-002782PT//2Y Extension 4Y Accidental Damage Protection* *upgrade ACX12-002792PT//3Y Extension 5Y Accidental Damage Protection**upgrade ACX13-007990PT//3Y Extension 5Y OnSite Service*upgrade ACX13-0079A0PT//1Y Extension 3Y OnSite Service*upgrade ACX13-0079C0PT//2Y OnSite Service*upgrade ACX13-0079H0PT//2Y Extension 4Y OnSite Service*upgrade ACX15-021900PT//2Y OnSite Service 2Y Accidental Damage Protection* 2Y HDD_Retention*upgrade ACX15-021910PT//1Y Extension 3Y OnSite Service 3Y Accidental Damage Protection* 3Y HDD_Retention*upgrade ACX15-021920PT//2Y Extension 4Y OnSite Service 4Y Accidental Damage Protection* 4Y HDD_Retention*upgrade ACX15-021930PT//3Y Extension 5Y OnSite Service 5Y Accidental Damage Protection* 5Y HDD_Retention*upgrade | BG27: 65% PCR recycled plastic rear cover | BH27: 65% PCR recycled plastic base cover | BI27: 55%
A28: =IF(ISBLANK(I28),"",H28) -> 90PT03X5-M01L20 | B28: =IF(ISBLANK(I28),"",I28) -> P440VAT-B7850WS | C28: =IF(ISBLANK(I28),"",IF(LEFT(H28, 4) = "90PF",_xlfn.XLOOKUP(B28,'Auto-PF'!$A$2:$A$500,'Auto-PF'!$B$2:$B$500,"Not found",0),_xlfn.XLOOKUP(LEFT(B28,5),'MKT name rule'!$B$2:$B$322,'MKT name rule'!$C$2:$C$322, "Not found"))) -> ASUS ExpertCenter P400 | D28: Trusted by IT Experts. Built for Worry-Free Business. | E28: - Business-Class Performance in a Sleek Design with 93% Screen-to-Body Ratio and 75Hz Responsive Touchscreen - Optimized for Hybrid Work with AI ExpertMeet and Immersive Dolby Audio - Enterprise-Grade Security and Reliability with TPM 2.0, Retractable Camera, and 2-Year Full Warranty with Accidental Damage Protection | F28: https://drive.google.com/drive/folders/1fsQ9eVDGY7nfo0TOnZNT5KQXadoLTvzP?usp=drive_link | H28: 90PT03X5-M01L20 | I28: P440VAT-B7850WS | J28: 4711636034760 | K28: 199291034761 | L28: 1.982 | M28: VSPT03X3-BU0080 | N28: Black | O28: 23.8-inch | P28: FHD (1920 x 1080) 16:9 | Q28: LCD | R28: 250nits | S28: sRGB: 100% | T28: 178/178 | U28: 14/25 | V28: 75Hz | W28: 1000:1 | X28: 93 % | Y28: Wide view | Z28: Anti-glare display | AA28: Touch screen | AB28: Normal Stand | AC28: Intel® Core™ i7-13620H Processor 2.4 GHz (24MB Cache, up to 4.9 GHz, 10 cores, 16 Threads) | AD28: N/A | AE28: N/A | AF28: Intel® UHD Graphics | AG28: 8GB DDR5 SO-DIMM | AH28: DDR5 8GB | AI28: 512GB M.2 NVMe™ PCIe® 4.0 SSD | AJ28: 2x DDR5 SO-DIMM slot | AK28: Not available | AL28: Wi-Fi 6(802.11ax) (Dual band) 2*2 + Bluetooth® 5.4 Wireless Card | AM28: Realtek RTL8111H 10/100/1000 Mbps | AN28: 1080p FHD camera | AO28: With privacy shutter | AP28: N/A | AQ28: Built-in array microphone Built-in speakers | AR28: Windows 11 Home - ASUS recommends Windows 11 Pro for business | AS28: Microsoft Office Home 2024_x000D_ Microsoft 365 Basic | AT28: ø4.5, 120W AC Adapter, Output: 20V DC, 6.0A, 120W, Input: 100~240V AC 50/60Hz universal | AU28: 1x Kensington lock 1x 3.5mm combo audio jack 1x USB 2.0 Type-A | AV28: 1x DC-in 1x RJ45 Gigabit Ethernet 1x HDMI in 1.4 1x HDMI out 1.4 1x USB 3.2 Gen 1 Type-C 3x USB 3.2 Gen 1 Type-A | AW28: 54.1 x 41.6 x 1.7 ~ 21.0 cm (21.30" x 16.38" x 0.67" ~ 8.27") | AX28: 06.90 kg (15.21 lbs) | AY28: BIOS Booting User Password Protection HDD User Password Protection and Security Kensington Security Slot™(7x 3mm) | AZ28: McAfee® 30 days free trial | BA28: Trusted Platform Module (TPM) 2.0 | BB28: MyASUS ASUS Business Manager AI ExpertMeet (AI features need devices with 12GB RAM or more) | BC28: System diagnosis Fan Profile Splendid AppDeals Link to MyASUS | BD28: Wired black keyboard (USB) Wired optical mouse (USB) | BE28: EPEAT Gold Energy star 8.0 REACH RoHS | BF28: ACCX002-04PE//1Y Extension ACX11-00481DPT//2Y Extension ACX11-00482DPT//3Y Extension ACX12-002742PT//2Y Accidental Damage Protection* ACX12-002752PT//1Y Extension 3Y Accidental Damage Protection* *upgrade ACX12-002782PT//2Y Extension 4Y Accidental Damage Protection* *upgrade ACX12-002792PT//3Y Extension 5Y Accidental Damage Protection**upgrade ACX13-007990PT//3Y Extension 5Y OnSite Service*upgrade ACX13-0079A0PT//1Y Extension 3Y OnSite Service*upgrade ACX13-0079C0PT//2Y OnSite Service*upgrade ACX13-0079H0PT//2Y Extension 4Y OnSite Service*upgrade ACX15-021900PT//2Y OnSite Service 2Y Accidental Damage Protection* 2Y HDD_Retention*upgrade ACX15-021910PT//1Y Extension 3Y OnSite Service 3Y Accidental Damage Protection* 3Y HDD_Retention*upgrade ACX15-021920PT//2Y Extension 4Y OnSite Service 4Y Accidental Damage Protection* 4Y HDD_Retention*upgrade ACX15-021930PT//3Y Extension 5Y OnSite Service 5Y Accidental Damage Protection* 5Y HDD_Retention*upgrade | BG28: 65% PCR recycled plastic rear cover | BH28: 65% PCR recycled plastic base cover | BI28: 55%
A29: =IF(ISBLANK(I29),"",H29) -> 90PT03X7-M025H0 | B29: =IF(ISBLANK(I29),"",I29) -> P440VAK-W5850WS | C29: =IF(ISBLANK(I29),"",IF(LEFT(H29, 4) = "90PF",_xlfn.XLOOKUP(B29,'Auto-PF'!$A$2:$A$500,'Auto-PF'!$B$2:$B$500,"Not found",0),_xlfn.XLOOKUP(LEFT(B29,5),'MKT name rule'!$B$2:$B$322,'MKT name rule'!$C$2:$C$322, "Not found"))) -> ASUS ExpertCenter P400 | D29: Trusted by IT Experts. Built for Worry-Free Business. | E29: - Business-Class Performance in a Sleek Design with 93% Screen-to-Body Ratio and 100Hz Responsive Touchscreen - Optimized for Hybrid Work with AI ExpertMeet and Immersive Dolby Audio - Enterprise-Grade Security and Reliability with TPM 2.0, Retractable Camera, and 2-Year Full Warranty with Accidental Damage Protection | F29: https://drive.google.com/drive/folders/182p8JTDd7m93bz4DlG_It6d56ajBKPzv?usp=drive_link | H29: 90PT03X7-M025H0 | I29: P440VAK-W5850WS | L29: 6.852 | M29: VSPT03X4-BU0060 | N29: White | O29: 23.8-inch | P29: FHD (1920 x 1080) 16:9 | Q29: LCD | R29: 250nits | S29: sRGB: 100% | T29: 178/178 | U29: 14/25 | V29: 100Hz | W29: 1000:1 | X29: 93 % | Y29: Wide view | Z29: Anti-glare display | AA29: Non-touch screen | AB29: Normal Stand | AC29: Intel® Core™ i5-13420H Processor 2.1 GHz (12MB Cache, up to 4.6 GHz, 8 cores, 12 Threads) | AD29: N/A | AE29: N/A | AF29: Intel® UHD Graphics | AG29: 8GB DDR5 SO-DIMM | AH29: DDR5 8GB | AI29: 512GB M.2 NVMe™ PCIe® 4.0 SSD | AJ29: 2x DDR5 SO-DIMM slot | AK29: Not available | AL29: Wi-Fi 6(802.11ax) (Dual band) 2*2 + Bluetooth® 5.4 Wireless Card | AM29: Realtek RTL8111H 10/100/1000 Mbps | AN29: 1080p FHD camera | AO29: With privacy shutter | AP29: N/A | AQ29: Built-in array microphone Built-in speakers | AR29: Windows 11 Home - ASUS recommends Windows 11 Pro for business | AS29: Microsoft Office Home 2024_x000D_ Microsoft 365 Basic | AT29: ø4.5, 120W AC Adapter, Output: 20V DC, 6.0A, 120W, Input: 100~240V AC 50/60Hz universal | AU29: 1x Kensington lock 1x 3.5mm combo audio jack 1x USB 2.0 Type-A | AV29: 1x DC-in 1x RJ45 Gigabit Ethernet 1x HDMI in 1.4 1x HDMI out 1.4 1x USB 3.2 Gen 1 Type-C 3x USB 3.2 Gen 1 Type-A | AW29: 54.1 x 41.6 x 1.7 ~ 21.0 cm (21.30" x 16.38" x 0.67" ~ 8.27") | AX29: 06.90 kg (15.21 lbs) | AY29: BIOS Booting User Password Protection HDD User Password Protection and Security Kensington Security Slot™(7x 3mm) | AZ29: McAfee® 30 days free trial | BA29: Trusted Platform Module (TPM) 2.0 | BB29: MyASUS ASUS Business Manager AI ExpertMeet (AI features need devices with 12GB RAM or more) | BC29: System diagnosis Fan Profile Splendid AppDeals Link to MyASUS | BD29: Wireless sandstone white keyboard Wireless optical mouse | BE29: EPEAT Gold Energy star 8.0 REACH RoHS | BF29: ACCX002-04PE//1Y Extension ACX11-00481DPT//2Y Extension ACX11-00482DPT//3Y Extension ACX12-002742PT//2Y Accidental Damage Protection* ACX12-002752PT//1Y Extension 3Y Accidental Damage Protection* *upgrade ACX12-002782PT//2Y Extension 4Y Accidental Damage Protection* *upgrade ACX12-002792PT//3Y Extension 5Y Accidental Damage Protection**upgrade ACX13-007990PT//3Y Extension 5Y OnSite Service*upgrade ACX13-0079A0PT//1Y Extension 3Y OnSite Service*upgrade ACX13-0079C0PT//2Y OnSite Service*upgrade ACX13-0079H0PT//2Y Extension 4Y OnSite Service*upgrade ACX15-021900PT//2Y OnSite Service 2Y Accidental Damage Protection* 2Y HDD_Retention*upgrade ACX15-021910PT//1Y Extension 3Y OnSite Service 3Y Accidental Damage Protection* 3Y HDD_Retention*upgrade ACX15-021920PT//2Y Extension 4Y OnSite Service 4Y Accidental Damage Protection* 4Y HDD_Retention*upgrade ACX15-021930PT//3Y Extension 5Y OnSite Service 5Y Accidental Damage Protection* 5Y HDD_Retention*upgrade | BG29: 65% PCR recycled plastic rear cover | BH29: 65% PCR recycled plastic base cover | BI29: 55%
A30: =IF(ISBLANK(I30),"",H30) -> 90PT03W5-M00Z30 | B30: =IF(ISBLANK(I30),"",I30) -> P470VAK-B5850WS | C30: =IF(ISBLANK(I30),"",IF(LEFT(H30, 4) = "90PF",_xlfn.XLOOKUP(B30,'Auto-PF'!$A$2:$A$500,'Auto-PF'!$B$2:$B$500,"Not found",0),_xlfn.XLOOKUP(LEFT(B30,5),'MKT name rule'!$B$2:$B$322,'MKT name rule'!$C$2:$C$322, "Not found"))) -> ASUS ExpertCenter P400 | D30: Trusted by IT Experts. Built for Worry-Free Business. | E30: - Business-Class Performance in a Sleek Design with 93% Screen-to-Body Ratio and 100Hz Responsive Touchscreen - Optimized for Hybrid Work with AI ExpertMeet and Immersive Dolby Audio - Enterprise-Grade Security and Reliability with TPM 2.0, Retractable Camera, and 2-Year Full Warranty with Accidental Damage Protection | F30: https://drive.google.com/drive/folders/1sWSKPjarNawmIZa8-1ID6RGgEOqkeQpe?usp=drive_link | H30: 90PT03W5-M00Z30 | I30: P470VAK-B5850WS | J30: 4711636050975 | K30: 199291050976 | L30: 3.102 | M30: VSPT03W3-BU0060 | N30: Black | O30: 27.0-inch | P30: FHD (1920 x 1080) 16:9 | Q30: LCD | R30: 300nits | S30: sRGB: 100% | T30: 178/178 | U30: 14/25 | V30: 100Hz | W30: 1000:1 | X30: 93 % | Y30: Wide view | Z30: Anti-glare display | AA30: Non-touch screen | AB30: Normal Stand | AC30: Intel® Core™ i5-13420H Processor 2.1 GHz (12MB Cache, up to 4.6 GHz, 8 cores, 12 Threads) | AD30: N/A | AE30: N/A | AF30: Intel® UHD Graphics | AG30: 8GB DDR5 SO-DIMM | AH30: DDR5 8GB | AI30: 512GB M.2 NVMe™ PCIe® 4.0 SSD | AJ30: 2x DDR5 SO-DIMM slot | AK30: Not available | AL30: Wi-Fi 6E(802.11ax) (Dual band) 2*2 + Bluetooth® 5.4 Wireless Card | AM30: Realtek RTL8111H 10/100/1000 Mbps | AN30: 1080p FHD camera | AO30: With privacy shutter | AP30: N/A | AQ30: Built-in array microphone Built-in speakers | AR30: Windows 11 Home - ASUS recommends Windows 11 Pro for business | AS30: Microsoft Office Home 2024_x000D_ Microsoft 365 Basic | AT30: ø4.5, 120W AC Adapter, Output: 20V DC, 6.0A, 120W, Input: 100~240V AC 50/60Hz universal | AU30: 1x Kensington lock 1x 3.5mm combo audio jack 1x USB 2.0 Type-A | AV30: 1x DC-in 1x RJ45 Gigabit Ethernet 1x HDMI in 1.4 1x HDMI out 1.4 1x USB 3.2 Gen 1 Type-C 3x USB 3.2 Gen 1 Type-A | AW30: 61.3 x 44.7 x 1.7 ~ 21.0 cm (24.13" x 17.60" x 0.67" ~ 8.27") | AX30: 09.00 kg (19.84 lbs) | AY30: BIOS Booting User Password Protection HDD User Password Protection and Security Kensington Security Slot™(7x 3mm) | AZ30: McAfee® 30 days free trial | BA30: Trusted Platform Module (TPM) 2.0 | BB30: MyASUS ASUS Business Manager AI ExpertMeet (AI features need devices with 12GB RAM or more) | BC30: System diagnosis Fan Profile Splendid AppDeals Link to MyASUS | BD30: Wired black keyboard (USB) Wired optical mouse (USB) | BE30: EPEAT Gold Energy star 8.0 REACH RoHS | BF30: ACCX002-04PE//1Y Extension ACX11-00481DPT//2Y Extension ACX11-00482DPT//3Y Extension ACX12-002742PT//2Y Accidental Damage Protection* ACX12-002752PT//1Y Extension 3Y Accidental Damage Protection* *upgrade ACX12-002782PT//2Y Extension 4Y Accidental Damage Protection* *upgrade ACX12-002792PT//3Y Extension 5Y Accidental Damage Protection**upgrade ACX13-007990PT//3Y Extension 5Y OnSite Service*upgrade ACX13-0079A0PT//1Y Extension 3Y OnSite Service*upgrade ACX13-0079C0PT//2Y OnSite Service*upgrade ACX13-0079H0PT//2Y Extension 4Y OnSite Service*upgrade ACX15-021900PT//2Y OnSite Service 2Y Accidental Damage Protection* 2Y HDD_Retention*upgrade ACX15-021910PT//1Y Extension 3Y OnSite Service 3Y Accidental Damage Protection* 3Y HDD_Retention*upgrade ACX15-021920PT//2Y Extension 4Y OnSite Service 4Y Accidental Damage Protection* 4Y HDD_Retention*upgrade ACX15-021930PT//3Y Extension 5Y OnSite Service 5Y Accidental Damage Protection* 5Y HDD_Retention*upgrade | BG30: 65% PCR recycled plastic rear cover | BH30: 65% PCR recycled plastic base cover | BI30: 55%
A31: =IF(ISBLANK(I31),"",H31) -> 90PT03W5-M00Z40 | B31: =IF(ISBLANK(I31),"",I31) -> P470VAK-B7850WS | C31: =IF(ISBLANK(I31),"",IF(LEFT(H31, 4) = "90PF",_xlfn.XLOOKUP(B31,'Auto-PF'!$A$2:$A$500,'Auto-PF'!$B$2:$B$500,"Not found",0),_xlfn.XLOOKUP(LEFT(B31,5),'MKT name rule'!$B$2:$B$322,'MKT name rule'!$C$2:$C$322, "Not found"))) -> ASUS ExpertCenter P400 | D31: Trusted by IT Experts. Built for Worry-Free Business. | E31: - Business-Class Performance in a Sleek Design with 93% Screen-to-Body Ratio and 100Hz Responsive Touchscreen - Optimized for Hybrid Work with AI ExpertMeet and Immersive Dolby Audio - Enterprise-Grade Security and Reliability with TPM 2.0, Retractable Camera, and 2-Year Full Warranty with Accidental Damage Protection | F31: https://drive.google.com/drive/folders/1EyU5BaSSTUUw3e4o3lY7Lcv74gKZQYwn?usp=drive_link | H31: 90PT03W5-M00Z40 | I31: P470VAK-B7850WS | L31: 3.15 | M31: VSPT03W3-BU0060 | N31: Black | O31: 27.0-inch | P31: FHD (1920 x 1080) 16:9 | Q31: LCD | R31: 300nits | S31: sRGB: 100% | T31: 178/178 | U31: 14/25 | V31: 100Hz | W31: 1000:1 | X31: 93 % | Y31: Wide view | Z31: Anti-glare display | AA31: Non-touch screen | AB31: Normal Stand | AC31: Intel® Core™ i7-13620H Processor 2.4 GHz (24MB Cache, up to 4.9 GHz, 10 cores, 16 Threads) | AD31: N/A | AE31: N/A | AF31: Intel® UHD Graphics | AG31: 8GB DDR5 SO-DIMM | AH31: DDR5 8GB | AI31: 512GB M.2 NVMe™ PCIe® 4.0 SSD | AJ31: 2x DDR5 SO-DIMM slot | AK31: Not available | AL31: Wi-Fi 6E(802.11ax) (Dual band) 2*2 + Bluetooth® 5.4 Wireless Card | AM31: Realtek RTL8111H 10/100/1000 Mbps | AN31: 1080p FHD camera | AO31: With privacy shutter | AP31: N/A | AQ31: Built-in array microphone Built-in speakers | AR31: Windows 11 Home - ASUS recommends Windows 11 Pro for business | AS31: Microsoft Office Home 2024_x000D_ Microsoft 365 Basic | AT31: ø4.5, 120W AC Adapter, Output: 20V DC, 6.0A, 120W, Input: 100~240V AC 50/60Hz universal | AU31: 1x Kensington lock 1x 3.5mm combo audio jack 1x USB 2.0 Type-A | AV31: 1x DC-in 1x RJ45 Gigabit Ethernet 1x HDMI in 1.4 1x HDMI out 1.4 1x USB 3.2 Gen 1 Type-C 3x USB 3.2 Gen 1 Type-A | AW31: 61.3 x 44.7 x 1.7 ~ 21.0 cm (24.13" x 17.60" x 0.67" ~ 8.27") | AX31: 09.00 kg (19.84 lbs) | AY31: BIOS Booting User Password Protection HDD User Password Protection and Security Kensington Security Slot™(7x 3mm) | AZ31: McAfee® 30 days free trial | BA31: Trusted Platform Module (TPM) 2.0 | BB31: MyASUS ASUS Business Manager AI ExpertMeet (AI features need devices with 12GB RAM or more) | BC31: System diagnosis Fan Profile Splendid AppDeals Link to MyASUS | BD31: Wired black keyboard (USB) Wired optical mouse (USB) | BE31: EPEAT Gold Energy star 8.0 REACH RoHS | BF31: ACCX002-04PE//1Y Extension ACX11-00481DPT//2Y Extension ACX11-00482DPT//3Y Extension ACX12-002742PT//2Y Accidental Damage Protection* ACX12-002752PT//1Y Extension 3Y Accidental Damage Protection* *upgrade ACX12-002782PT//2Y Extension 4Y Accidental Damage Protection* *upgrade ACX12-002792PT//3Y Extension 5Y Accidental Damage Protection**upgrade ACX13-007990PT//3Y Extension 5Y OnSite Service*upgrade ACX13-0079A0PT//1Y Extension 3Y OnSite Service*upgrade ACX13-0079C0PT//2Y OnSite Service*upgrade ACX13-0079H0PT//2Y Extension 4Y OnSite Service*upgrade ACX15-021900PT//2Y OnSite Service 2Y Accidental Damage Protection* 2Y HDD_Retention*upgrade ACX15-021910PT//1Y Extension 3Y OnSite Service 3Y Accidental Damage Protection* 3Y HDD_Retention*upgrade ACX15-021920PT//2Y Extension 4Y OnSite Service 4Y Accidental Damage Protection* 4Y HDD_Retention*upgrade ACX15-021930PT//3Y Extension 5Y OnSite Service 5Y Accidental Damage Protection* 5Y HDD_Retention*upgrade | BG31: 65% PCR recycled plastic rear cover | BH31: 65% PCR recycled plastic base cover | BI31: 55%
A32: =IF(ISBLANK(I32),"",H32) -> 90PT03W5-M00Z60 | B32: =IF(ISBLANK(I32),"",I32) -> P470VAT-B7110WS | C32: =IF(ISBLANK(I32),"",IF(LEFT(H32, 4) = "90PF",_xlfn.XLOOKUP(B32,'Auto-PF'!$A$2:$A$500,'Auto-PF'!$B$2:$B$500,"Not found",0),_xlfn.XLOOKUP(LEFT(B32,5),'MKT name rule'!$B$2:$B$322,'MKT name rule'!$C$2:$C$322, "Not found"))) -> ASUS ExpertCenter P400 | D32: Trusted by IT Experts. Built for Worry-Free Business. | E32: - Business-Class Performance in a Sleek Design with 93% Screen-to-Body Ratio and 75Hz Responsive Touchscreen - Optimized for Hybrid Work with AI ExpertMeet and Immersive Dolby Audio - Enterprise-Grade Security and Reliability with TPM 2.0, Retractable Camera, and 2-Year Full Warranty with Accidental Damage Protection | F32: https://drive.google.com/drive/folders/1Hmk0-cW5RoSY-N90t6g24IagBLeQgnv1?usp=drive_link | H32: 90PT03W5-M00Z60 | I32: P470VAT-B7110WS | L32: 3.31 | M32: VSPT03W3-BU0080 | N32: Black | O32: 27.0-inch | P32: FHD (1920 x 1080) 16:9 | Q32: LCD | R32: 300nits | S32: sRGB: 100% | T32: 178/178 | U32: 14/25 | V32: 75Hz | W32: 1000:1 | X32: 93 % | Y32: Wide view | Z32: Anti-glare display | AA32: Touch screen | AB32: Normal Stand | AC32: Intel® Core™ i7-13620H Processor 2.4 GHz (24MB Cache, up to 4.9 GHz, 10 cores, 16 Threads) | AD32: N/A | AE32: N/A | AF32: Intel® UHD Graphics | AG32: 16GB DDR5 SO-DIMM | AH32: DDR5 16GB | AI32: 1TB M.2 NVMe™ PCIe® 4.0 SSD | AJ32: 2x DDR5 SO-DIMM slot | AK32: Not available | AL32: Wi-Fi 6E(802.11ax) (Dual band) 2*2 + Bluetooth® 5.4 Wireless Card | AM32: Realtek RTL8111H 10/100/1000 Mbps | AN32: 1080p FHD camera | AO32: With privacy shutter | AP32: N/A | AQ32: Built-in array microphone Built-in speakers | AR32: Windows 11 Home - ASUS recommends Windows 11 Pro for business | AS32: Microsoft Office Home 2024_x000D_ Microsoft 365 Basic | AT32: ø4.5, 120W AC Adapter, Output: 20V DC, 6.0A, 120W, Input: 100~240V AC 50/60Hz universal | AU32: 1x Kensington lock 1x 3.5mm combo audio jack 1x USB 2.0 Type-A | AV32: 1x DC-in 1x RJ45 Gigabit Ethernet 1x HDMI in 1.4 1x HDMI out 1.4 1x USB 3.2 Gen 1 Type-C 3x USB 3.2 Gen 1 Type-A | AW32: 61.3 x 44.7 x 1.7 ~ 21.0 cm (24.13" x 17.60" x 0.67" ~ 8.27") | AX32: 09.00 kg (19.84 lbs) | AY32: BIOS Booting User Password Protection HDD User Password Protection and Security Kensington Security Slot™(7x 3mm) | AZ32: McAfee® 30 days free trial | BA32: Trusted Platform Module (TPM) 2.0 | BB32: MyASUS ASUS Business Manager AI ExpertMeet (AI features need devices with 12GB RAM or more) | BC32: System diagnosis Fan Profile Splendid AppDeals Link to MyASUS | BD32: Wired black keyboard (USB) Wired optical mouse (USB) | BE32: EPEAT Gold Energy star 8.0 REACH RoHS | BF32: ACCX002-04PE//1Y Extension ACX11-00481DPT//2Y Extension ACX11-00482DPT//3Y Extension ACX12-002742PT//2Y Accidental Damage Protection* ACX12-002752PT//1Y Extension 3Y Accidental Damage Protection* *upgrade ACX12-002782PT//2Y Extension 4Y Accidental Damage Protection* *upgrade ACX12-002792PT//3Y Extension 5Y Accidental Damage Protection**upgrade ACX13-007990PT//3Y Extension 5Y OnSite Service*upgrade ACX13-0079A0PT//1Y Extension 3Y OnSite Service*upgrade ACX13-0079C0PT//2Y OnSite Service*upgrade ACX13-0079H0PT//2Y Extension 4Y OnSite Service*upgrade ACX15-021900PT//2Y OnSite Service 2Y Accidental Damage Protection* 2Y HDD_Retention*upgrade ACX15-021910PT//1Y Extension 3Y OnSite Service 3Y Accidental Damage Protection* 3Y HDD_Retention*upgrade ACX15-021920PT//2Y Extension 4Y OnSite Service 4Y Accidental Damage Protection* 4Y HDD_Retention*upgrade ACX15-021930PT//3Y Extension 5Y OnSite Service 5Y Accidental Damage Protection* 5Y HDD_Retention*upgrade | BG32: 65% PCR recycled plastic rear cover | BH32: 65% PCR recycled plastic base cover | BI32: 55%
A33: =IF(ISBLANK(I33),"",H33) -> 90PT03W5-M00Z70 | B33: =IF(ISBLANK(I33),"",I33) -> P470VAT-B7850WS | C33: =IF(ISBLANK(I33),"",IF(LEFT(H33, 4) = "90PF",_xlfn.XLOOKUP(B33,'Auto-PF'!$A$2:$A$500,'Auto-PF'!$B$2:$B$500,"Not found",0),_xlfn.XLOOKUP(LEFT(B33,5),'MKT name rule'!$B$2:$B$322,'MKT name rule'!$C$2:$C$322, "Not found"))) -> ASUS ExpertCenter P400 | D33: Trusted by IT Experts. Built for Worry-Free Business. | E33: - Business-Class Performance in a Sleek Design with 93% Screen-to-Body Ratio and 75Hz Responsive Touchscreen - Optimized for Hybrid Work with AI ExpertMeet and Immersive Dolby Audio - Enterprise-Grade Security and Reliability with TPM 2.0, Retractable Camera, and 2-Year Full Warranty with Accidental Damage Protection | F33: https://drive.google.com/drive/folders/1LM69i3pbq-kshG2z8v3MJ4edk_4WbvQV?usp=drive_link | H33: 90PT03W5-M00Z70 | I33: P470VAT-B7850WS | L33: 3.31 | M33: VSPT03W3-BU0080 | N33: Black | O33: 27.0-inch | P33: FHD (1920 x 1080) 16:9 | Q33: LCD | R33: 300nits | S33: sRGB: 100% | T33: 178/178 | U33: 14/25 | V33: 75Hz | W33: 1000:1 | X33: 93 % | Y33: Wide view | Z33: Anti-glare display | AA33: Touch screen | AB33: Normal Stand | AC33: Intel® Core™ i7-13620H Processor 2.4 GHz (24MB Cache, up to 4.9 GHz, 10 cores, 16 Threads) | AD33: N/A | AE33: N/A | AF33: Intel® UHD Graphics | AG33: 8GB DDR5 SO-DIMM | AH33: DDR5 8GB | AI33: 512GB M.2 NVMe™ PCIe® 4.0 SSD | AJ33: 2x DDR5 SO-DIMM slot | AK33: Not available | AL33: Wi-Fi 6E(802.11ax) (Dual band) 2*2 + Bluetooth® 5.4 Wireless Card | AM33: Realtek RTL8111H 10/100/1000 Mbps | AN33: 1080p FHD camera | AO33: With privacy shutter | AP33: N/A | AQ33: Built-in array microphone Built-in speakers | AR33: Windows 11 Home - ASUS recommends Windows 11 Pro for business | AS33: Microsoft Office Home 2024_x000D_ Microsoft 365 Basic | AT33: ø4.5, 120W AC Adapter, Output: 20V DC, 6.0A, 120W, Input: 100~240V AC 50/60Hz universal | AU33: 1x Kensington lock 1x 3.5mm combo audio jack 1x USB 2.0 Type-A | AV33: 1x DC-in 1x RJ45 Gigabit Ethernet 1x HDMI in 1.4 1x HDMI out 1.4 1x USB 3.2 Gen 1 Type-C 3x USB 3.2 Gen 1 Type-A | AW33: 61.3 x 44.7 x 1.7 ~ 21.0 cm (24.13" x 17.60" x 0.67" ~ 8.27") | AX33: 09.00 kg (19.84 lbs) | AY33: BIOS Booting User Password Protection HDD User Password Protection and Security Kensington Security Slot™(7x 3mm) | AZ33: McAfee® 30 days free trial | BA33: Trusted Platform Module (TPM) 2.0 | BB33: MyASUS ASUS Business Manager AI ExpertMeet (AI features need devices with 12GB RAM or more) | BC33: System diagnosis Fan Profile Splendid AppDeals Link to MyASUS | BD33: Wired black keyboard (USB) Wired optical mouse (USB) | BE33: EPEAT Gold Energy star 8.0 REACH RoHS | BF33: ACCX002-04PE//1Y Extension ACX11-00481DPT//2Y Extension ACX11-00482DPT//3Y Extension ACX12-002742PT//2Y Accidental Damage Protection* ACX12-002752PT//1Y Extension 3Y Accidental Damage Protection* *upgrade ACX12-002782PT//2Y Extension 4Y Accidental Damage Protection* *upgrade ACX12-002792PT//3Y Extension 5Y Accidental Damage Protection**upgrade ACX13-007990PT//3Y Extension 5Y OnSite Service*upgrade ACX13-0079A0PT//1Y Extension 3Y OnSite Service*upgrade ACX13-0079C0PT//2Y OnSite Service*upgrade ACX13-0079H0PT//2Y Extension 4Y OnSite Service*upgrade ACX15-021900PT//2Y OnSite Service 2Y Accidental Damage Protection* 2Y HDD_Retention*upgrade ACX15-021910PT//1Y Extension 3Y OnSite Service 3Y Accidental Damage Protection* 3Y HDD_Retention*upgrade ACX15-021920PT//2Y Extension 4Y OnSite Service 4Y Accidental Damage Protection* 4Y HDD_Retention*upgrade ACX15-021930PT//3Y Extension 5Y OnSite Service 5Y Accidental Damage Protection* 5Y HDD_Retention*upgrade | BG33: 65% PCR recycled plastic rear cover | BH33: 65% PCR recycled plastic base cover | BI33: 55%
A34: =IF(ISBLANK(I34),"",H34) -> 90PT03W5-M00Z80 | B34: =IF(ISBLANK(I34),"",I34) -> P470VAT-B5150WS | C34: =IF(ISBLANK(I34),"",IF(LEFT(H34, 4) = "90PF",_xlfn.XLOOKUP(B34,'Auto-PF'!$A$2:$A$500,'Auto-PF'!$B$2:$B$500,"Not found",0),_xlfn.XLOOKUP(LEFT(B34,5),'MKT name rule'!$B$2:$B$322,'MKT name rule'!$C$2:$C$322, "Not found"))) -> ASUS ExpertCenter P400 | D34: Trusted by IT Experts. Built for Worry-Free Business. | E34: - Business-Class Performance in a Sleek Design with 93% Screen-to-Body Ratio and 75Hz Responsive Touchscreen - Optimized for Hybrid Work with AI ExpertMeet and Immersive Dolby Audio - Enterprise-Grade Security and Reliability with TPM 2.0, Retractable Camera, and 2-Year Full Warranty with Accidental Damage Protection | F34: https://drive.google.com/drive/folders/1QTckypXzi6C6l83UxAj0n2Moopqjemb_?usp=drive_link | H34: 90PT03W5-M00Z80 | I34: P470VAT-B5150WS | J34: 4711636034777 | K34: 199291034778 | L34: 3.262 | M34: VSPT03W3-BU0080 | N34: Black | O34: 27.0-inch | P34: FHD (1920 x 1080) 16:9 | Q34: LCD | R34: 300nits | S34: sRGB: 100% | T34: 178/178 | U34: 14/25 | V34: 75Hz | W34: 1000:1 | X34: 93 % | Y34: Wide view | Z34: Anti-glare display | AA34: Touch screen | AB34: Normal Stand | AC34: Intel® Core™ i5-13420H Processor 2.1 GHz (12MB Cache, up to 4.6 GHz, 8 cores, 12 Threads) | AD34: N/A | AE34: N/A | AF34: Intel® UHD Graphics | AG34: 16GB DDR5 SO-DIMM | AH34: DDR5 16GB | AI34: 512GB M.2 NVMe™ PCIe® 4.0 SSD | AJ34: 2x DDR5 SO-DIMM slot | AK34: Not available | AL34: Wi-Fi 6E(802.11ax) (Dual band) 2*2 + Bluetooth® 5.4 Wireless Card | AM34: Realtek RTL8111H 10/100/1000 Mbps | AN34: 1080p FHD camera | AO34: With privacy shutter | AP34: N/A | AQ34: Built-in array microphone Built-in speakers | AR34: Windows 11 Home - ASUS recommends Windows 11 Pro for business | AS34: Microsoft Office Home 2024_x000D_ Microsoft 365 Basic | AT34: ø4.5, 120W AC Adapter, Output: 20V DC, 6.0A, 120W, Input: 100~240V AC 50/60Hz universal | AU34: 1x Kensington lock 1x 3.5mm combo audio jack 1x USB 2.0 Type-A | AV34: 1x DC-in 1x RJ45 Gigabit Ethernet 1x HDMI in 1.4 1x HDMI out 1.4 1x USB 3.2 Gen 1 Type-C 3x USB 3.2 Gen 1 Type-A | AW34: 61.3 x 44.7 x 1.7 ~ 21.0 cm (24.13" x 17.60" x 0.67" ~ 8.27") | AX34: 09.00 kg (19.84 lbs) | AY34: BIOS Booting User Password Protection HDD User Password Protection and Security Kensington Security Slot™(7x 3mm) | AZ34: McAfee® 30 days free trial | BA34: Trusted Platform Module (TPM) 2.0 | BB34: MyASUS ASUS Business Manager AI ExpertMeet (AI features need devices with 12GB RAM or more) | BC34: System diagnosis Fan Profile Splendid AppDeals Link to MyASUS | BD34: Wired black keyboard (USB) Wired optical mouse (USB) | BE34: EPEAT Gold Energy star 8.0 REACH RoHS | BF34: ACCX002-04PE//1Y Extension ACX11-00481DPT//2Y Extension ACX11-00482DPT//3Y Extension ACX12-002742PT//2Y Accidental Damage Protection* ACX12-002752PT//1Y Extension 3Y Accidental Damage Protection* *upgrade ACX12-002782PT//2Y Extension 4Y Accidental Damage Protection* *upgrade ACX12-002792PT//3Y Extension 5Y Accidental Damage Protection**upgrade ACX13-007990PT//3Y Extension 5Y OnSite Service*upgrade ACX13-0079A0PT//1Y Extension 3Y OnSite Service*upgrade ACX13-0079C0PT//2Y OnSite Service*upgrade ACX13-0079H0PT//2Y Extension 4Y OnSite Service*upgrade ACX15-021900PT//2Y OnSite Service 2Y Accidental Damage Protection* 2Y HDD_Retention*upgrade ACX15-021910PT//1Y Extension 3Y OnSite Service 3Y Accidental Damage Protection* 3Y HDD_Retention*upgrade ACX15-021920PT//2Y Extension 4Y OnSite Service 4Y Accidental Damage Protection* 4Y HDD_Retention*upgrade ACX15-021930PT//3Y Extension 5Y OnSite Service 5Y Accidental Damage Protection* 5Y HDD_Retention*upgrade | BG34: 65% PCR recycled plastic rear cover | BH34: 65% PCR recycled plastic base cover | BI34: 55%
A35: =IF(ISBLANK(I35),"",H35) -> 90PT03W5-M00Z90 | B35: =IF(ISBLANK(I35),"",I35) -> P470VAT-B5850WS | C35: =IF(ISBLANK(I35),"",IF(LEFT(H35, 4) = "90PF",_xlfn.XLOOKUP(B35,'Auto-PF'!$A$2:$A$500,'Auto-PF'!$B$2:$B$500,"Not found",0),_xlfn.XLOOKUP(LEFT(B35,5),'MKT name rule'!$B$2:$B$322,'MKT name rule'!$C$2:$C$322, "Not found"))) -> ASUS ExpertCenter P400 | D35: Trusted by IT Experts. Built for Worry-Free Business. | E35: - Business-Class Performance in a Sleek Design with 93% Screen-to-Body Ratio and 75Hz Responsive Touchscreen - Optimized for Hybrid Work with AI ExpertMeet and Immersive Dolby Audio - Enterprise-Grade Security and Reliability with TPM 2.0, Retractable Camera, and 2-Year Full Warranty with Accidental Damage Protection | F35: https://drive.google.com/drive/folders/1895Rb3VAH1oc-jN3awpMb-AFXeAFlUu5?usp=drive_link | H35: 90PT03W5-M00Z90 | I35: P470VAT-B5850WS | L35: 3.31 | M35: VSPT03W3-BU0080 | N35: Black | O35: 27.0-inch | P35: FHD (1920 x 1080) 16:9 | Q35: LCD | R35: 300nits | S35: sRGB: 100% | T35: 178/178 | U35: 14/25 | V35: 75Hz | W35: 1000:1 | X35: 93 % | Y35: Wide view | Z35: Anti-glare display | AA35: Touch screen | AB35: Normal Stand | AC35: Intel® Core™ i5-13420H Processor 2.1 GHz (12MB Cache, up to 4.6 GHz, 8 cores, 12 Threads) | AD35: N/A | AE35: N/A | AF35: Intel® UHD Graphics | AG35: 8GB DDR5 SO-DIMM | AH35: DDR5 8GB | AI35: 512GB M.2 NVMe™ PCIe® 4.0 SSD | AJ35: 2x DDR5 SO-DIMM slot | AK35: Not available | AL35: Wi-Fi 6E(802.11ax) (Dual band) 2*2 + Bluetooth® 5.4 Wireless Card | AM35: Realtek RTL8111H 10/100/1000 Mbps | AN35: 1080p FHD camera | AO35: With privacy shutter | AP35: N/A | AQ35: Built-in array microphone Built-in speakers | AR35: Windows 11 Home - ASUS recommends Windows 11 Pro for business | AS35: Microsoft Office Home 2024_x000D_ Microsoft 365 Basic | AT35: ø4.5, 120W AC Adapter, Output: 20V DC, 6.0A, 120W, Input: 100~240V AC 50/60Hz universal | AU35: 1x Kensington lock 1x 3.5mm combo audio jack 1x USB 2.0 Type-A | AV35: 1x DC-in 1x RJ45 Gigabit Ethernet 1x HDMI in 1.4 1x HDMI out 1.4 1x USB 3.2 Gen 1 Type-C 3x USB 3.2 Gen 1 Type-A | AW35: 61.3 x 44.7 x 1.7 ~ 21.0 cm (24.13" x 17.60" x 0.67" ~ 8.27") | AX35: 09.00 kg (19.84 lbs) | AY35: BIOS Booting User Password Protection HDD User Password Protection and Security Kensington Security Slot™(7x 3mm) | AZ35: McAfee® 30 days free trial | BA35: Trusted Platform Module (TPM) 2.0 | BB35: MyASUS ASUS Business Manager AI ExpertMeet (AI features need devices with 12GB RAM or more) | BC35: System diagnosis Fan Profile Splendid AppDeals Link to MyASUS | BD35: Wired black keyboard (USB) Wired optical mouse (USB) | BE35: EPEAT Gold Energy star 8.0 REACH RoHS | BF35: ACCX002-04PE//1Y Extension ACX11-00481DPT//2Y Extension ACX11-00482DPT//3Y Extension ACX12-002742PT//2Y Accidental Damage Protection* ACX12-002752PT//1Y Extension 3Y Accidental Damage Protection* *upgrade ACX12-002782PT//2Y Extension 4Y Accidental Damage Protection* *upgrade ACX12-002792PT//3Y Extension 5Y Accidental Damage Protection**upgrade ACX13-007990PT//3Y Extension 5Y OnSite Service*upgrade ACX13-0079A0PT//1Y Extension 3Y OnSite Service*upgrade ACX13-0079C0PT//2Y OnSite Service*upgrade ACX13-0079H0PT//2Y Extension 4Y OnSite Service*upgrade ACX15-021900PT//2Y OnSite Service 2Y Accidental Damage Protection* 2Y HDD_Retention*upgrade ACX15-021910PT//1Y Extension 3Y OnSite Service 3Y Accidental Damage Protection* 3Y HDD_Retention*upgrade ACX15-021920PT//2Y Extension 4Y OnSite Service 4Y Accidental Damage Protection* 4Y HDD_Retention*upgrade ACX15-021930PT//3Y Extension 5Y OnSite Service 5Y Accidental Damage Protection* 5Y HDD_Retention*upgrade | BG35: 65% PCR recycled plastic rear cover | BH35: 65% PCR recycled plastic base cover | BI35: 55%
A36: =IF(ISBLANK(I36),"",H36) -> 90PT03W6-M00ZA0 | B36: =IF(ISBLANK(I36),"",I36) -> P470VAT-B7150WSH | C36: =IF(ISBLANK(I36),"",IF(LEFT(H36, 4) = "90PF",_xlfn.XLOOKUP(B36,'Auto-PF'!$A$2:$A$500,'Auto-PF'!$B$2:$B$500,"Not found",0),_xlfn.XLOOKUP(LEFT(B36,5),'MKT name rule'!$B$2:$B$322,'MKT name rule'!$C$2:$C$322, "Not found"))) -> ASUS ExpertCenter P400 | D36: Trusted by IT Experts. Built for Worry-Free Business. | E36: - Business-Class Performance in a Sleek Design with 93% Screen-to-Body Ratio and 75Hz Responsive Touchscreen - Optimized for Hybrid Work with AI ExpertMeet and Immersive Dolby Audio - Enterprise-Grade Security and Reliability with TPM 2.0, Retractable Camera, and 2-Year Full Warranty with Accidental Damage Protection | F36: https://drive.google.com/drive/folders/1imE-4_a-5-nuVkYqxwA-VDskRAe5HIJy?usp=drive_link | H36: 90PT03W6-M00ZA0 | I36: P470VAT-B7150WSH | L36: 3.31 | M36: VSPT03W3-BU0160 | N36: Black | O36: 27.0-inch | P36: FHD (1920 x 1080) 16:9 | Q36: LCD | R36: 300nits | S36: sRGB: 100% | T36: 178/178 | U36: 14/25 | V36: 75Hz | W36: 1000:1 | X36: 93 % | Y36: Wide view | Z36: Anti-glare display | AA36: Touch screen | AB36: HAS stand with VESA supported | AC36: Intel® Core™ i7-13620H Processor 2.4 GHz (24MB Cache, up to 4.9 GHz, 10 cores, 16 Threads) | AD36: N/A | AE36: N/A | AF36: Intel® UHD Graphics | AG36: 16GB DDR5 SO-DIMM | AH36: DDR5 16GB | AI36: 512GB M.2 NVMe™ PCIe® 4.0 SSD | AJ36: 2x DDR5 SO-DIMM slot | AK36: Not available | AL36: Wi-Fi 6E(802.11ax) (Dual band) 2*2 + Bluetooth® 5.4 Wireless Card | AM36: Realtek RTL8111H 10/100/1000 Mbps | AN36: 1080p FHD camera | AO36: With privacy shutter | AP36: N/A | AQ36: Built-in array microphone Built-in speakers | AR36: Windows 11 Home - ASUS recommends Windows 11 Pro for business | AS36: Microsoft Office Home 2024_x000D_ Microsoft 365 Basic | AT36: ø4.5, 120W AC Adapter, Output: 20V DC, 6.0A, 120W, Input: 100~240V AC 50/60Hz universal | AU36: 1x Kensington lock 1x 3.5mm combo audio jack 1x USB 2.0 Type-A | AV36: 1x DC-in 1x RJ45 Gigabit Ethernet 1x HDMI in 1.4 1x HDMI out 1.4 1x USB 3.2 Gen 1 Type-C 3x USB 3.2 Gen 1 Type-A | AW36: 61.3 x 44.7 x 1.7 ~ 21.0 cm (24.13" x 17.60" x 0.67" ~ 8.27") | AX36: 09.00 kg (19.84 lbs) | AY36: BIOS Booting User Password Protection HDD User Password Protection and Security Kensington Security Slot™(7x 3mm) | AZ36: McAfee® 30 days free trial | BA36: Trusted Platform Module (TPM) 2.0 | BB36: MyASUS ASUS Business Manager AI ExpertMeet (AI features need devices with 12GB RAM or more) | BC36: System diagnosis Fan Profile Splendid AppDeals Link to MyASUS | BD36: Wired black keyboard (USB) Wired optical mouse (USB) | BE36: EPEAT Gold Energy star 8.0 REACH RoHS | BF36: ACCX002-04PE//1Y Extension ACX11-00481DPT//2Y Extension ACX11-00482DPT//3Y Extension ACX12-002742PT//2Y Accidental Damage Protection* ACX12-002752PT//1Y Extension 3Y Accidental Damage Protection* *upgrade ACX12-002782PT//2Y Extension 4Y Accidental Damage Protection* *upgrade ACX12-002792PT//3Y Extension 5Y Accidental Damage Protection**upgrade ACX13-007990PT//3Y Extension 5Y OnSite Service*upgrade ACX13-0079A0PT//1Y Extension 3Y OnSite Service*upgrade ACX13-0079C0PT//2Y OnSite Service*upgrade ACX13-0079H0PT//2Y Extension 4Y OnSite Service*upgrade ACX15-021900PT//2Y OnSite Service 2Y Accidental Damage Protection* 2Y HDD_Retention*upgrade ACX15-021910PT//1Y Extension 3Y OnSite Service 3Y Accidental Damage Protection* 3Y HDD_Retention*upgrade ACX15-021920PT//2Y Extension 4Y OnSite Service 4Y Accidental Damage Protection* 4Y HDD_Retention*upgrade ACX15-021930PT//3Y Extension 5Y OnSite Service 5Y Accidental Damage Protection* 5Y HDD_Retention*upgrade | BG36: 65% PCR recycled plastic rear cover | BH36: 65% PCR recycled plastic base cover | BI36: 55%
A37: =IF(ISBLANK(I37),"",H37) -> 90PT03X5-M025P0 | B37: =IF(ISBLANK(I37),"",I37) -> P440VAT-B7110WS | C37: =IF(ISBLANK(I37),"",IF(LEFT(H37, 4) = "90PF",_xlfn.XLOOKUP(B37,'Auto-PF'!$A$2:$A$500,'Auto-PF'!$B$2:$B$500,"Not found",0),_xlfn.XLOOKUP(LEFT(B37,5),'MKT name rule'!$B$2:$B$322,'MKT name rule'!$C$2:$C$322, "Not found"))) -> ASUS ExpertCenter P400 | D37: Trusted by IT Experts. Built for Worry-Free Business. | E37: - Business-Class Performance in a Sleek Design with 93% Screen-to-Body Ratio and 75Hz Responsive Touchscreen - Optimized for Hybrid Work with AI ExpertMeet and Immersive Dolby Audio - Enterprise-Grade Security and Reliability with TPM 2.0, Retractable Camera, and 2-Year Full Warranty with Accidental Damage Protection | F37: https://drive.google.com/drive/folders/10Ij8Usf7C8nbGKex3dsfwZ5mJSX0Zi13?usp=drive_link | H37: 90PT03X5-M025P0 | I37: P440VAT-B7110WS | L37: 2.03 | M37: VSPT03X3-BU0080 | N37: Black | O37: 23.8-inch | P37: FHD (1920 x 1080) 16:9 | Q37: LCD | R37: 250nits | S37: sRGB: 100% | T37: 178/178 | U37: 14/25 | V37: 75Hz | W37: 1000:1 | X37: 93 % | Y37: Wide view | Z37: Anti-glare display | AA37: Touch screen | AB37: Normal Stand | AC37: Intel® Core™ i7-13620H Processor 2.4 GHz (24MB Cache, up to 4.9 GHz, 10 cores, 16 Threads) | AD37: N/A | AE37: N/A | AF37: Intel® UHD Graphics | AG37: 16GB DDR5 SO-DIMM | AH37: DDR5 16GB | AI37: 1TB M.2 NVMe™ PCIe® 4.0 SSD | AJ37: 2x DDR5 SO-DIMM slot | AK37: Not available | AL37: Wi-Fi 6(802.11ax) (Dual band) 2*2 + Bluetooth® 5.4 Wireless Card | AM37: Realtek RTL8111H 10/100/1000 Mbps | AN37: 1080p FHD camera | AO37: With privacy shutter | AP37: N/A | AQ37: Built-in array microphone Built-in speakers | AR37: Windows 11 Home - ASUS recommends Windows 11 Pro for business | AS37: Microsoft Office Home 2024_x000D_ Microsoft 365 Basic | AT37: ø4.5, 120W AC Adapter, Output: 20V DC, 6.0A, 120W, Input: 100~240V AC 50/60Hz universal | AU37: 1x Kensington lock 1x 3.5mm combo audio jack 1x USB 2.0 Type-A | AV37: 1x DC-in 1x RJ45 Gigabit Ethernet 1x HDMI in 1.4 1x HDMI out 1.4 1x USB 3.2 Gen 1 Type-C 3x USB 3.2 Gen 1 Type-A | AW37: 54.1 x 41.6 x 1.7 ~ 21.0 cm (21.30" x 16.38" x 0.67" ~ 8.27") | AX37: 06.90 kg (15.21 lbs) | AY37: BIOS Booting User Password Protection HDD User Password Protection and Security Kensington Security Slot™(7x 3mm) | AZ37: McAfee® 30 days free trial | BA37: Trusted Platform Module (TPM) 2.0 | BB37: MyASUS ASUS Business Manager AI ExpertMeet (AI features need devices with 12GB RAM or more) | BC37: System diagnosis Fan Profile Splendid AppDeals Link to MyASUS | BD37: Wired black keyboard (USB) Wired optical mouse (USB) | BE37: EPEAT Gold Energy star 8.0 REACH RoHS | BF37: ACCX002-04PE//1Y Extension ACX11-00481DPT//2Y Extension ACX11-00482DPT//3Y Extension ACX12-002742PT//2Y Accidental Damage Protection* ACX12-002752PT//1Y Extension 3Y Accidental Damage Protection* *upgrade ACX12-002782PT//2Y Extension 4Y Accidental Damage Protection* *upgrade ACX12-002792PT//3Y Extension 5Y Accidental Damage Protection**upgrade ACX13-007990PT//3Y Extension 5Y OnSite Service*upgrade ACX13-0079A0PT//1Y Extension 3Y OnSite Service*upgrade ACX13-0079C0PT//2Y OnSite Service*upgrade ACX13-0079H0PT//2Y Extension 4Y OnSite Service*upgrade ACX15-021900PT//2Y OnSite Service 2Y Accidental Damage Protection* 2Y HDD_Retention*upgrade ACX15-021910PT//1Y Extension 3Y OnSite Service 3Y Accidental Damage Protection* 3Y HDD_Retention*upgrade ACX15-021920PT//2Y Extension 4Y OnSite Service 4Y Accidental Damage Protection* 4Y HDD_Retention*upgrade ACX15-021930PT//3Y Extension 5Y OnSite Service 5Y Accidental Damage Protection* 5Y HDD_Retention*upgrade | BG37: 65% PCR recycled plastic rear cover | BH37: 65% PCR recycled plastic base cover | BI37: 55%
A38: =IF(ISBLANK(I38),"",H38) -> 90PT03X5-M025S0 | B38: =IF(ISBLANK(I38),"",I38) -> P440VAK-B7110WS | C38: =IF(ISBLANK(I38),"",IF(LEFT(H38, 4) = "90PF",_xlfn.XLOOKUP(B38,'Auto-PF'!$A$2:$A$500,'Auto-PF'!$B$2:$B$500,"Not found",0),_xlfn.XLOOKUP(LEFT(B38,5),'MKT name rule'!$B$2:$B$322,'MKT name rule'!$C$2:$C$322, "Not found"))) -> ASUS ExpertCenter P400 | D38: Trusted by IT Experts. Built for Worry-Free Business. | E38: - Business-Class Performance in a Sleek Design with 93% Screen-to-Body Ratio and 100Hz Responsive Touchscreen - Optimized for Hybrid Work with AI ExpertMeet and Immersive Dolby Audio - Enterprise-Grade Security and Reliability with TPM 2.0, Retractable Camera, and 2-Year Full Warranty with Accidental Damage Protection | F38: https://drive.google.com/drive/folders/1vc4gZ-gCKWlPwPImykQE9YVgHOMAhoPc?usp=drive_link | H38: 90PT03X5-M025S0 | I38: P440VAK-B7110WS | L38: 2.25 | M38: VSPT03X3-BU0060 | N38: Black | O38: 23.8-inch | P38: FHD (1920 x 1080) 16:9 | Q38: LCD | R38: 250nits | S38: sRGB: 100% | T38: 178/178 | U38: 14/25 | V38: 100Hz | W38: 1000:1 | X38: 93 % | Y38: Wide view | Z38: Anti-glare display | AA38: Non-touch screen | AB38: Normal Stand | AC38: Intel® Core™ i7-13620H Processor 2.4 GHz (24MB Cache, up to 4.9 GHz, 10 cores, 16 Threads) | AD38: N/A | AE38: N/A | AF38: Intel® UHD Graphics | AG38: 16GB DDR5 SO-DIMM | AH38: DDR5 16GB | AI38: 1TB M.2 NVMe™ PCIe® 4.0 SSD | AJ38: 2x DDR5 SO-DIMM slot | AK38: Not available | AL38: Wi-Fi 6(802.11ax) (Dual band) 2*2 + Bluetooth® 5.4 Wireless Card | AM38: Realtek RTL8111H 10/100/1000 Mbps | AN38: 1080p FHD camera | AO38: With privacy shutter | AP38: N/A | AQ38: Built-in array microphone Built-in speakers | AR38: Windows 11 Home - ASUS recommends Windows 11 Pro for business | AS38: Microsoft Office Home 2024_x000D_ Microsoft 365 Basic | AT38: ø4.5, 120W AC Adapter, Output: 20V DC, 6.0A, 120W, Input: 100~240V AC 50/60Hz universal | AU38: 1x Kensington lock 1x 3.5mm combo audio jack 1x USB 2.0 Type-A | AV38: 1x DC-in 1x RJ45 Gigabit Ethernet 1x HDMI in 1.4 1x HDMI out 1.4 1x USB 3.2 Gen 1 Type-C 3x USB 3.2 Gen 1 Type-A | AW38: 54.1 x 41.6 x 1.7 ~ 21.0 cm (21.30" x 16.38" x 0.67" ~ 8.27") | AX38: 06.90 kg (15.21 lbs) | AY38: BIOS Booting User Password Protection HDD User Password Protection and Security Kensington Security Slot™(7x 3mm) | AZ38: McAfee® 30 days free trial | BA38: Trusted Platform Module (TPM) 2.0 | BB38: MyASUS ASUS Business Manager AI ExpertMeet (AI features need devices with 12GB RAM or more) | BC38: System diagnosis Fan Profile Splendid AppDeals Link to MyASUS | BD38: Wired black keyboard (USB) Wired optical mouse (USB) | BE38: EPEAT Gold Energy star 8.0 REACH RoHS | BF38: ACCX002-04PE//1Y Extension ACX11-00481DPT//2Y Extension ACX11-00482DPT//3Y Extension ACX12-002742PT//2Y Accidental Damage Protection* ACX12-002752PT//1Y Extension 3Y Accidental Damage Protection* *upgrade ACX12-002782PT//2Y Extension 4Y Accidental Damage Protection* *upgrade ACX12-002792PT//3Y Extension 5Y Accidental Damage Protection**upgrade ACX13-007990PT//3Y Extension 5Y OnSite Service*upgrade ACX13-0079A0PT//1Y Extension 3Y OnSite Service*upgrade ACX13-0079C0PT//2Y OnSite Service*upgrade ACX13-0079H0PT//2Y Extension 4Y OnSite Service*upgrade ACX15-021900PT//2Y OnSite Service 2Y Accidental Damage Protection* 2Y HDD_Retention*upgrade ACX15-021910PT//1Y Extension 3Y OnSite Service 3Y Accidental Damage Protection* 3Y HDD_Retention*upgrade ACX15-021920PT//2Y Extension 4Y OnSite Service 4Y Accidental Damage Protection* 4Y HDD_Retention*upgrade ACX15-021930PT//3Y Extension 5Y OnSite Service 5Y Accidental Damage Protection* 5Y HDD_Retention*upgrade | BG38: 65% PCR recycled plastic rear cover | BH38: 65% PCR recycled plastic base cover | BI38: 55%
A39: =IF(ISBLANK(I39),"",H39) -> 90PT03W5-M00ZT0 | B39: =IF(ISBLANK(I39),"",I39) -> P470VAK-B7110WS | C39: =IF(ISBLANK(I39),"",IF(LEFT(H39, 4) = "90PF",_xlfn.XLOOKUP(B39,'Auto-PF'!$A$2:$A$500,'Auto-PF'!$B$2:$B$500,"Not found",0),_xlfn.XLOOKUP(LEFT(B39,5),'MKT name rule'!$B$2:$B$322,'MKT name rule'!$C$2:$C$322, "Not found"))) -> ASUS ExpertCenter P400 | D39: Trusted by IT Experts. Built for Worry-Free Business. | E39: - Business-Class Performance in a Sleek Design with 93% Screen-to-Body Ratio and 100Hz Responsive Touchscreen - Optimized for Hybrid Work with AI ExpertMeet and Immersive Dolby Audio - Enterprise-Grade Security and Reliability with TPM 2.0, Retractable Camera, and 2-Year Full Warranty with Accidental Damage Protection | F39: https://drive.google.com/drive/folders/1B6rQe-SquBRC6-aQFiVyN3ZWRKxth0F7?usp=drive_link | H39: 90PT03W5-M00ZT0 | I39: P470VAK-B7110WS | L39: 3.15 | M39: VSPT03W3-BU0060 | N39: Black | O39: 27.0-inch | P39: FHD (1920 x 1080) 16:9 | Q39: LCD | R39: 300nits | S39: sRGB: 100% | T39: 178/178 | U39: 14/25 | V39: 100Hz | W39: 1000:1 | X39: 93 % | Y39: Wide view | Z39: Anti-glare display | AA39: Non-touch screen | AB39: Normal Stand | AC39: Intel® Core™ i7-13620H Processor 2.4 GHz (24MB Cache, up to 4.9 GHz, 10 cores, 16 Threads) | AD39: N/A | AE39: N/A | AF39: Intel® UHD Graphics | AG39: 16GB DDR5 SO-DIMM | AH39: DDR5 16GB | AI39: 1TB M.2 NVMe™ PCIe® 4.0 SSD | AJ39: 2x DDR5 SO-DIMM slot | AK39: Not available | AL39: Wi-Fi 6E(802.11ax) (Dual band) 2*2 + Bluetooth® 5.4 Wireless Card | AM39: Realtek RTL8111H 10/100/1000 Mbps | AN39: 1080p FHD camera | AO39: With privacy shutter | AP39: N/A | AQ39: Built-in array microphone Built-in speakers | AR39: Windows 11 Home - ASUS recommends Windows 11 Pro for business | AS39: Microsoft Office Home 2024_x000D_ Microsoft 365 Basic | AT39: ø4.5, 120W AC Adapter, Output: 20V DC, 6.0A, 120W, Input: 100~240V AC 50/60Hz universal | AU39: 1x Kensington lock 1x 3.5mm combo audio jack 1x USB 2.0 Type-A | AV39: 1x DC-in 1x RJ45 Gigabit Ethernet 1x HDMI in 1.4 1x HDMI out 1.4 1x USB 3.2 Gen 1 Type-C 3x USB 3.2 Gen 1 Type-A | AW39: 61.3 x 44.7 x 1.7 ~ 21.0 cm (24.13" x 17.60" x 0.67" ~ 8.27") | AX39: 09.00 kg (19.84 lbs) | AY39: BIOS Booting User Password Protection HDD User Password Protection and Security Kensington Security Slot™(7x 3mm) | AZ39: McAfee® 30 days free trial | BA39: Trusted Platform Module (TPM) 2.0 | BB39: MyASUS ASUS Business Manager AI ExpertMeet (AI features need devices with 12GB RAM or more) | BC39: System diagnosis Fan Profile Splendid AppDeals Link to MyASUS | BD39: Wired black keyboard (USB) Wired optical mouse (USB) | BE39: EPEAT Gold Energy star 8.0 REACH RoHS | BF39: ACCX002-04PE//1Y Extension ACX11-00481DPT//2Y Extension ACX11-00482DPT//3Y Extension ACX12-002742PT//2Y Accidental Damage Protection* ACX12-002752PT//1Y Extension 3Y Accidental Damage Protection* *upgrade ACX12-002782PT//2Y Extension 4Y Accidental Damage Protection* *upgrade ACX12-002792PT//3Y Extension 5Y Accidental Damage Protection**upgrade ACX13-007990PT//3Y Extension 5Y OnSite Service*upgrade ACX13-0079A0PT//1Y Extension 3Y OnSite Service*upgrade ACX13-0079C0PT//2Y OnSite Service*upgrade ACX13-0079H0PT//2Y Extension 4Y OnSite Service*upgrade ACX15-021900PT//2Y OnSite Service 2Y Accidental Damage Protection* 2Y HDD_Retention*upgrade ACX15-021910PT//1Y Extension 3Y OnSite Service 3Y Accidental Damage Protection* 3Y HDD_Retention*upgrade ACX15-021920PT//2Y Extension 4Y OnSite Service 4Y Accidental Damage Protection* 4Y HDD_Retention*upgrade ACX15-021930PT//3Y Extension 5Y OnSite Service 5Y Accidental Damage Protection* 5Y HDD_Retention*upgrade | BG39: 65% PCR recycled plastic rear cover | BH39: 65% PCR recycled plastic base cover | BI39: 55%
A40: =IF(ISBLANK(I40),"",H40) -> 90PT03X7-M02840 | B40: =IF(ISBLANK(I40),"",I40) -> P440VAK-W3850WS | C40: =IF(ISBLANK(I40),"",IF(LEFT(H40, 4) = "90PF",_xlfn.XLOOKUP(B40,'Auto-PF'!$A$2:$A$500,'Auto-PF'!$B$2:$B$500,"Not found",0),_xlfn.XLOOKUP(LEFT(B40,5),'MKT name rule'!$B$2:$B$322,'MKT name rule'!$C$2:$C$322, "Not found"))) -> ASUS ExpertCenter P400 | D40: Trusted by IT Experts. Built for Worry-Free Business. | E40: - Business-Class Performance in a Sleek Design with 93% Screen-to-Body Ratio and 100Hz Responsive Touchscreen - Optimized for Hybrid Work with AI ExpertMeet and Immersive Dolby Audio - Enterprise-Grade Security and Reliability with TPM 2.0, Retractable Camera, and 2-Year Full Warranty with Accidental Damage Protection | F40: https://drive.google.com/drive/folders/17GbsjQlawHQN8fK_kwhkKpeoIpGZ7Arx?usp=drive_link | H40: 90PT03X7-M02840 | I40: P440VAK-W3850WS | L40: 6.852 | M40: VSPT03X4-BU0180 | N40: White | O40: 23.8-inch | P40: FHD (1920 x 1080) 16:9 | Q40: LCD | R40: 250nits | S40: sRGB: 100% | T40: 178/178 | U40: 14/25 | V40: 100Hz | W40: 1000:1 | X40: 93 % | Y40: Wide view | Z40: Anti-glare display | AA40: Non-touch screen | AB40: Normal Stand | AC40: Intel® Core™ i3-1315U Processor 1.2 GHz (10M Cache, up to 4.5 GHz, 6 cores) | AD40: N/A | AE40: N/A | AF40: Intel® Graphics | AG40: 8GB DDR5 SO-DIMM | AH40: DDR5 8GB | AI40: 512GB M.2 NVMe™ PCIe® 4.0 SSD | AJ40: 2x DDR5 SO-DIMM slot | AK40: Not available | AL40: Wi-Fi 6(802.11ax) (Dual band) 2*2 + Bluetooth® 5.4 Wireless Card | AM40: Realtek RTL8111H 10/100/1000 Mbps | AN40: 1080p FHD camera | AO40: With privacy shutter | AP40: N/A | AQ40: Built-in array microphone Built-in speakers | AR40: Windows 11 Home - ASUS recommends Windows 11 Pro for business | AS40: Microsoft Office Home 2024_x000D_ Microsoft 365 Basic | AT40: ø4.5, 90W AC Adapter, Output: 19V DC, 4.74A, 90W, Input: 100~240V AC 50/60Hz universal | AU40: 1x Kensington lock 1x 3.5mm combo audio jack 1x USB 2.0 Type-A | AV40: 1x DC-in 1x RJ45 Gigabit Ethernet 1x HDMI out 1.4 1x USB 3.2 Gen 1 Type-C 3x USB 3.2 Gen 1 Type-A | AW40: 54.1 x 41.6 x 1.7 ~ 21.0 cm (21.30" x 16.38" x 0.67" ~ 8.27") | AX40: 06.90 kg (15.21 lbs) | AY40: BIOS Booting User Password Protection HDD User Password Protection and Security Kensington Security Slot™(7x 3mm) | AZ40: McAfee® 30 days free trial | BA40: Trusted Platform Module (TPM) 2.0 | BB40: MyASUS ASUS Business Manager AI ExpertMeet (AI features need devices with 12GB RAM or more) | BC40: System diagnosis Fan Profile Splendid AppDeals Link to MyASUS | BD40: Wireless sandstone white keyboard Wireless optical mouse | BE40: EPEAT Gold Energy star 8.0 REACH RoHS | BF40: ACCX002-04PE//1Y Extension ACX11-00481DPT//2Y Extension ACX11-00482DPT//3Y Extension ACX12-002742PT//2Y Accidental Damage Protection* ACX12-002752PT//1Y Extension 3Y Accidental Damage Protection* *upgrade ACX12-002782PT//2Y Extension 4Y Accidental Damage Protection* *upgrade ACX12-002792PT//3Y Extension 5Y Accidental Damage Protection**upgrade ACX13-007990PT//3Y Extension 5Y OnSite Service*upgrade ACX13-0079A0PT//1Y Extension 3Y OnSite Service*upgrade ACX13-0079C0PT//2Y OnSite Service*upgrade ACX13-0079H0PT//2Y Extension 4Y OnSite Service*upgrade ACX15-021900PT//2Y OnSite Service 2Y Accidental Damage Protection* 2Y HDD_Retention*upgrade ACX15-021910PT//1Y Extension 3Y OnSite Service 3Y Accidental Damage Protection* 3Y HDD_Retention*upgrade ACX15-021920PT//2Y Extension 4Y OnSite Service 4Y Accidental Damage Protection* 4Y HDD_Retention*upgrade ACX15-021930PT//3Y Extension 5Y OnSite Service 5Y Accidental Damage Protection* 5Y HDD_Retention*upgrade | BG40: 65% PCR recycled plastic rear cover | BH40: 65% PCR recycled plastic base cover | BI40: 55%
A41: =IF(ISBLANK(I41),"",H41) -> 90PT03X7-M02860 | B41: =IF(ISBLANK(I41),"",I41) -> P440VAK-W7850WS | C41: =IF(ISBLANK(I41),"",IF(LEFT(H41, 4) = "90PF",_xlfn.XLOOKUP(B41,'Auto-PF'!$A$2:$A$500,'Auto-PF'!$B$2:$B$500,"Not found",0),_xlfn.XLOOKUP(LEFT(B41,5),'MKT name rule'!$B$2:$B$322,'MKT name rule'!$C$2:$C$322, "Not found"))) -> ASUS ExpertCenter P400 | D41: Trusted by IT Experts. Built for Worry-Free Business. | E41: - Business-Class Performance in a Sleek Design with 93% Screen-to-Body Ratio and 100Hz Responsive Touchscreen - Optimized for Hybrid Work with AI ExpertMeet and Immersive Dolby Audio - Enterprise-Grade Security and Reliability with TPM 2.0, Retractable Camera, and 2-Year Full Warranty with Accidental Damage Protection | F41: https://drive.google.com/drive/folders/1I0QI2-TrzUyq5BHKoZCsYIfVD4VxmnIj?usp=drive_link | H41: 90PT03X7-M02860 | I41: P440VAK-W7850WS | L41: 6.852 | M41: VSPT03X4-BU0060 | N41: White | O41: 23.8-inch | P41: FHD (1920 x 1080) 16:9 | Q41: LCD | R41: 250nits | S41: sRGB: 100% | T41: 178/178 | U41: 14/25 | V41: 100Hz | W41: 1000:1 | X41: 93 % | Y41: Wide view | Z41: Anti-glare display | AA41: Non-touch screen | AB41: Normal Stand | AC41: Intel® Core™ i7-13620H Processor 2.4 GHz (24MB Cache, up to 4.9 GHz, 10 cores, 16 Threads) | AD41: N/A | AE41: N/A | AF41: Intel® UHD Graphics | AG41: 8GB DDR5 SO-DIMM | AH41: DDR5 8GB | AI41: 512GB M.2 NVMe™ PCIe® 4.0 SSD | AJ41: 2x DDR5 SO-DIMM slot | AK41: Not available | AL41: Wi-Fi 6(802.11ax) (Dual band) 2*2 + Bluetooth® 5.4 Wireless Card | AM41: Realtek RTL8111H 10/100/1000 Mbps | AN41: 1080p FHD camera | AO41: With privacy shutter | AP41: N/A | AQ41: Built-in array microphone Built-in speakers | AR41: Windows 11 Home - ASUS recommends Windows 11 Pro for business | AS41: Microsoft Office Home 2024_x000D_ Microsoft 365 Basic | AT41: ø4.5, 120W AC Adapter, Output: 20V DC, 6.0A, 120W, Input: 100~240V AC 50/60Hz universal | AU41: 1x Kensington lock 1x 3.5mm combo audio jack 1x USB 2.0 Type-A | AV41: 1x DC-in 1x RJ45 Gigabit Ethernet 1x HDMI in 1.4 1x HDMI out 1.4 1x USB 3.2 Gen 1 Type-C 3x USB 3.2 Gen 1 Type-A | AW41: 54.1 x 41.6 x 1.7 ~ 21.0 cm (21.30" x 16.38" x 0.67" ~ 8.27") | AX41: 06.90 kg (15.21 lbs) | AY41: BIOS Booting User Password Protection HDD User Password Protection and Security Kensington Security Slot™(7x 3mm) | AZ41: McAfee® 30 days free trial | BA41: Trusted Platform Module (TPM) 2.0 | BB41: MyASUS ASUS Business Manager AI ExpertMeet (AI features need devices with 12GB RAM or more) | BC41: System diagnosis Fan Profile Splendid AppDeals Link to MyASUS | BD41: Wireless sandstone white keyboard Wireless optical mouse | BE41: EPEAT Gold Energy star 8.0 REACH RoHS | BF41: ACCX002-04PE//1Y Extension ACX11-00481DPT//2Y Extension ACX11-00482DPT//3Y Extension ACX12-002742PT//2Y Accidental Damage Protection* ACX12-002752PT//1Y Extension 3Y Accidental Damage Protection* *upgrade ACX12-002782PT//2Y Extension 4Y Accidental Damage Protection* *upgrade ACX12-002792PT//3Y Extension 5Y Accidental Damage Protection**upgrade ACX13-007990PT//3Y Extension 5Y OnSite Service*upgrade ACX13-0079A0PT//1Y Extension 3Y OnSite Service*upgrade ACX13-0079C0PT//2Y OnSite Service*upgrade ACX13-0079H0PT//2Y Extension 4Y OnSite Service*upgrade ACX15-021900PT//2Y OnSite Service 2Y Accidental Damage Protection* 2Y HDD_Retention*upgrade ACX15-021910PT//1Y Extension 3Y OnSite Service 3Y Accidental Damage Protection* 3Y HDD_Retention*upgrade ACX15-021920PT//2Y Extension 4Y OnSite Service 4Y Accidental Damage Protection* 4Y HDD_Retention*upgrade ACX15-021930PT//3Y Extension 5Y OnSite Service 5Y Accidental Damage Protection* 5Y HDD_Retention*upgrade | BG41: 65% PCR recycled plastic rear cover | BH41: 65% PCR recycled plastic base cover | BI41: 55%
A42: =IF(ISBLANK(I42),"",H42) -> 90PT03X7-M02880 | B42: =IF(ISBLANK(I42),"",I42) -> P440VAT-W5850WS | C42: =IF(ISBLANK(I42),"",IF(LEFT(H42, 4) = "90PF",_xlfn.XLOOKUP(B42,'Auto-PF'!$A$2:$A$500,'Auto-PF'!$B$2:$B$500,"Not found",0),_xlfn.XLOOKUP(LEFT(B42,5),'MKT name rule'!$B$2:$B$322,'MKT name rule'!$C$2:$C$322, "Not found"))) -> ASUS ExpertCenter P400 | D42: Trusted by IT Experts. Built for Worry-Free Business. | E42: - Business-Class Performance in a Sleek Design with 93% Screen-to-Body Ratio and 75Hz Responsive Touchscreen - Optimized for Hybrid Work with AI ExpertMeet and Immersive Dolby Audio - Enterprise-Grade Security and Reliability with TPM 2.0, Retractable Camera, and 2-Year Full Warranty with Accidental Damage Protection | F42: https://drive.google.com/drive/folders/145F1Y4d-AOCxAJdykleV5LiX8mXqPH3G?usp=drive_link | H42: 90PT03X7-M02880 | I42: P440VAT-W5850WS | L42: 6.852 | M42: VSPT03X4-BU0080 | N42: White | O42: 23.8-inch | P42: FHD (1920 x 1080) 16:9 | Q42: LCD | R42: 250nits | S42: sRGB: 100% | T42: 178/178 | U42: 14/25 | V42: 75Hz | W42: 1000:1 | X42: 93 % | Y42: Wide view | Z42: Anti-glare display | AA42: Touch screen | AB42: Normal Stand | AC42: Intel® Core™ i5-13420H Processor 2.1 GHz (12MB Cache, up to 4.6 GHz, 8 cores, 12 Threads) | AD42: N/A | AE42: N/A | AF42: Intel® UHD Graphics | AG42: 8GB DDR5 SO-DIMM | AH42: DDR5 8GB | AI42: 512GB M.2 NVMe™ PCIe® 4.0 SSD | AJ42: 2x DDR5 SO-DIMM slot | AK42: Not available | AL42: Wi-Fi 6(802.11ax) (Dual band) 2*2 + Bluetooth® 5.4 Wireless Card | AM42: Realtek RTL8111H 10/100/1000 Mbps | AN42: 1080p FHD camera | AO42: With privacy shutter | AP42: N/A | AQ42: Built-in array microphone Built-in speakers | AR42: Windows 11 Home - ASUS recommends Windows 11 Pro for business | AS42: Microsoft Office Home 2024_x000D_ Microsoft 365 Basic | AT42: ø4.5, 120W AC Adapter, Output: 20V DC, 6.0A, 120W, Input: 100~240V AC 50/60Hz universal | AU42: 1x Kensington lock 1x 3.5mm combo audio jack 1x USB 2.0 Type-A | AV42: 1x DC-in 1x RJ45 Gigabit Ethernet 1x HDMI in 1.4 1x HDMI out 1.4 1x USB 3.2 Gen 1 Type-C 3x USB 3.2 Gen 1 Type-A | AW42: 54.1 x 41.6 x 1.7 ~ 21.0 cm (21.30" x 16.38" x 0.67" ~ 8.27") | AX42: 06.90 kg (15.21 lbs) | AY42: BIOS Booting User Password Protection HDD User Password Protection and Security Kensington Security Slot™(7x 3mm) | AZ42: McAfee® 30 days free trial | BA42: Trusted Platform Module (TPM) 2.0 | BB42: MyASUS ASUS Business Manager AI ExpertMeet (AI features need devices with 12GB RAM or more) | BC42: System diagnosis Fan Profile Splendid AppDeals Link to MyASUS | BD42: Wireless sandstone white keyboard Wireless optical mouse | BE42: EPEAT Gold Energy star 8.0 REACH RoHS | BF42: ACCX002-04PE//1Y Extension ACX11-00481DPT//2Y Extension ACX11-00482DPT//3Y Extension ACX12-002742PT//2Y Accidental Damage Protection* ACX12-002752PT//1Y Extension 3Y Accidental Damage Protection* *upgrade ACX12-002782PT//2Y Extension 4Y Accidental Damage Protection* *upgrade ACX12-002792PT//3Y Extension 5Y Accidental Damage Protection**upgrade ACX13-007990PT//3Y Extension 5Y OnSite Service*upgrade ACX13-0079A0PT//1Y Extension 3Y OnSite Service*upgrade ACX13-0079C0PT//2Y OnSite Service*upgrade ACX13-0079H0PT//2Y Extension 4Y OnSite Service*upgrade ACX15-021900PT//2Y OnSite Service 2Y Accidental Damage Protection* 2Y HDD_Retention*upgrade ACX15-021910PT//1Y Extension 3Y OnSite Service 3Y Accidental Damage Protection* 3Y HDD_Retention*upgrade ACX15-021920PT//2Y Extension 4Y OnSite Service 4Y Accidental Damage Protection* 4Y HDD_Retention*upgrade ACX15-021930PT//3Y Extension 5Y OnSite Service 5Y Accidental Damage Protection* 5Y HDD_Retention*upgrade | BG42: 65% PCR recycled plastic rear cover | BH42: 65% PCR recycled plastic base cover | BI42: 55%
A43: =IF(ISBLANK(I43),"",H43) -> 90PT03X7-M02890 | B43: =IF(ISBLANK(I43),"",I43) -> P440VAT-W7850WS | C43: =IF(ISBLANK(I43),"",IF(LEFT(H43, 4) = "90PF",_xlfn.XLOOKUP(B43,'Auto-PF'!$A$2:$A$500,'Auto-PF'!$B$2:$B$500,"Not found",0),_xlfn.XLOOKUP(LEFT(B43,5),'MKT name rule'!$B$2:$B$322,'MKT name rule'!$C$2:$C$322, "Not found"))) -> ASUS ExpertCenter P400 | D43: Trusted by IT Experts. Built for Worry-Free Business. | E43: - Business-Class Performance in a Sleek Design with 93% Screen-to-Body Ratio and 75Hz Responsive Touchscreen - Optimized for Hybrid Work with AI ExpertMeet and Immersive Dolby Audio - Enterprise-Grade Security and Reliability with TPM 2.0, Retractable Camera, and 2-Year Full Warranty with Accidental Damage Protection | F43: https://drive.google.com/drive/folders/1fsQ9eVDGY7nfo0TOnZNT5KQXadoLTvzP?usp=drive_link | H43: 90PT03X7-M02890 | I43: P440VAT-W7850WS | L43: 6.852 | M43: VSPT03X4-BU0080 | N43: White | O43: 23.8-inch | P43: FHD (1920 x 1080) 16:9 | Q43: LCD | R43: 250nits | S43: sRGB: 100% | T43: 178/178 | U43: 14/25 | V43: 75Hz | W43: 1000:1 | X43: 93 % | Y43: Wide view | Z43: Anti-glare display | AA43: Touch screen | AB43: Normal Stand | AC43: Intel® Core™ i7-13620H Processor 2.4 GHz (24MB Cache, up to 4.9 GHz, 10 cores, 16 Threads) | AD43: N/A | AE43: N/A | AF43: Intel® UHD Graphics | AG43: 8GB DDR5 SO-DIMM | AH43: DDR5 8GB | AI43: 512GB M.2 NVMe™ PCIe® 4.0 SSD | AJ43: 2x DDR5 SO-DIMM slot | AK43: Not available | AL43: Wi-Fi 6(802.11ax) (Dual band) 2*2 + Bluetooth® 5.4 Wireless Card | AM43: Realtek RTL8111H 10/100/1000 Mbps | AN43: 1080p FHD camera | AO43: With privacy shutter | AP43: N/A | AQ43: Built-in array microphone Built-in speakers | AR43: Windows 11 Home - ASUS recommends Windows 11 Pro for business | AS43: Microsoft Office Home 2024_x000D_ Microsoft 365 Basic | AT43: ø4.5, 120W AC Adapter, Output: 20V DC, 6.0A, 120W, Input: 100~240V AC 50/60Hz universal | AU43: 1x Kensington lock 1x 3.5mm combo audio jack 1x USB 2.0 Type-A | AV43: 1x DC-in 1x RJ45 Gigabit Ethernet 1x HDMI in 1.4 1x HDMI out 1.4 1x USB 3.2 Gen 1 Type-C 3x USB 3.2 Gen 1 Type-A | AW43: 54.1 x 41.6 x 1.7 ~ 21.0 cm (21.30" x 16.38" x 0.67" ~ 8.27") | AX43: 06.90 kg (15.21 lbs) | AY43: BIOS Booting User Password Protection HDD User Password Protection and Security Kensington Security Slot™(7x 3mm) | AZ43: McAfee® 30 days free trial | BA43: Trusted Platform Module (TPM) 2.0 | BB43: MyASUS ASUS Business Manager AI ExpertMeet (AI features need devices with 12GB RAM or more) | BC43: System diagnosis Fan Profile Splendid AppDeals Link to MyASUS | BD43: Wireless sandstone white keyboard Wireless optical mouse | BE43: EPEAT Gold Energy star 8.0 REACH RoHS | BF43: ACCX002-04PE//1Y Extension ACX11-00481DPT//2Y Extension ACX11-00482DPT//3Y Extension ACX12-002742PT//2Y Accidental Damage Protection* ACX12-002752PT//1Y Extension 3Y Accidental Damage Protection* *upgrade ACX12-002782PT//2Y Extension 4Y Accidental Damage Protection* *upgrade ACX12-002792PT//3Y Extension 5Y Accidental Damage Protection**upgrade ACX13-007990PT//3Y Extension 5Y OnSite Service*upgrade ACX13-0079A0PT//1Y Extension 3Y OnSite Service*upgrade ACX13-0079C0PT//2Y OnSite Service*upgrade ACX13-0079H0PT//2Y Extension 4Y OnSite Service*upgrade ACX15-021900PT//2Y OnSite Service 2Y Accidental Damage Protection* 2Y HDD_Retention*upgrade ACX15-021910PT//1Y Extension 3Y OnSite Service 3Y Accidental Damage Protection* 3Y HDD_Retention*upgrade ACX15-021920PT//2Y Extension 4Y OnSite Service 4Y Accidental Damage Protection* 4Y HDD_Retention*upgrade ACX15-021930PT//3Y Extension 5Y OnSite Service 5Y Accidental Damage Protection* 5Y HDD_Retention*upgrade | BG43: 65% PCR recycled plastic rear cover | BH43: 65% PCR recycled plastic base cover | BI43: 55%
A44: =IF(ISBLANK(I44),"",H44) -> 90PT03W7-M010B0 | B44: =IF(ISBLANK(I44),"",I44) -> P470VAT-W5850WS | C44: =IF(ISBLANK(I44),"",IF(LEFT(H44, 4) = "90PF",_xlfn.XLOOKUP(B44,'Auto-PF'!$A$2:$A$500,'Auto-PF'!$B$2:$B$500,"Not found",0),_xlfn.XLOOKUP(LEFT(B44,5),'MKT name rule'!$B$2:$B$322,'MKT name rule'!$C$2:$C$322, "Not found"))) -> ASUS ExpertCenter P400 | D44: Trusted by IT Experts. Built for Worry-Free Business. | E44: - Business-Class Performance in a Sleek Design with 93% Screen-to-Body Ratio and 75Hz Responsive Touchscreen - Optimized for Hybrid Work with AI ExpertMeet and Immersive Dolby Audio - Enterprise-Grade Security and Reliability with TPM 2.0, Retractable Camera, and 2-Year Full Warranty with Accidental Damage Protection | F44: https://drive.google.com/drive/folders/1V6-D1uQ7J6yUhtbYQlTBhFuadj-LTZD3?usp=drive_link | H44: 90PT03W7-M010B0 | I44: P470VAT-W5850WS | L44: 8.952 | M44: VSPT03W4-BU0080 | N44: White | O44: 27.0-inch | P44: FHD (1920 x 1080) 16:9 | Q44: LCD | R44: 300nits | S44: sRGB: 100% | T44: 178/178 | U44: 14/25 | V44: 75Hz | W44: 1000:1 | X44: 93 % | Y44: Wide view | Z44: Anti-glare display | AA44: Touch screen | AB44: Normal Stand | AC44: Intel® Core™ i5-13420H Processor 2.1 GHz (12MB Cache, up to 4.6 GHz, 8 cores, 12 Threads) | AD44: N/A | AE44: N/A | AF44: Intel® UHD Graphics | AG44: 8GB DDR5 SO-DIMM | AH44: DDR5 8GB | AI44: 512GB M.2 NVMe™ PCIe® 4.0 SSD | AJ44: 2x DDR5 SO-DIMM slot | AK44: Not available | AL44: Wi-Fi 6E(802.11ax) (Dual band) 2*2 + Bluetooth® 5.4 Wireless Card | AM44: Realtek RTL8111H 10/100/1000 Mbps | AN44: 1080p FHD camera | AO44: With privacy shutter | AP44: N/A | AQ44: Built-in array microphone Built-in speakers | AR44: Windows 11 Home - ASUS recommends Windows 11 Pro for business | AS44: Microsoft Office Home 2024_x000D_ Microsoft 365 Basic | AT44: ø4.5, 120W AC Adapter, Output: 20V DC, 6.0A, 120W, Input: 100~240V AC 50/60Hz universal | AU44: 1x Kensington lock 1x 3.5mm combo audio jack 1x USB 2.0 Type-A | AV44: 1x DC-in 1x RJ45 Gigabit Ethernet 1x HDMI in 1.4 1x HDMI out 1.4 1x USB 3.2 Gen 1 Type-C 3x USB 3.2 Gen 1 Type-A | AW44: 61.3 x 44.7 x 1.7 ~ 21.0 cm (24.13" x 17.60" x 0.67" ~ 8.27") | AX44: 09.00 kg (19.84 lbs) | AY44: BIOS Booting User Password Protection HDD User Password Protection and Security Kensington Security Slot™(7x 3mm) | AZ44: McAfee® 30 days free trial | BA44: Trusted Platform Module (TPM) 2.0 | BB44: MyASUS ASUS Business Manager AI ExpertMeet (AI features need devices with 12GB RAM or more) | BC44: System diagnosis Fan Profile Splendid AppDeals Link to MyASUS | BD44: Wireless sandstone white keyboard Wireless optical mouse | BE44: EPEAT Gold Energy star 8.0 REACH RoHS | BF44: ACCX002-04PE//1Y Extension ACX11-00481DPT//2Y Extension ACX11-00482DPT//3Y Extension ACX12-002742PT//2Y Accidental Damage Protection* ACX12-002752PT//1Y Extension 3Y Accidental Damage Protection* *upgrade ACX12-002782PT//2Y Extension 4Y Accidental Damage Protection* *upgrade ACX12-002792PT//3Y Extension 5Y Accidental Damage Protection**upgrade ACX13-007990PT//3Y Extension 5Y OnSite Service*upgrade ACX13-0079A0PT//1Y Extension 3Y OnSite Service*upgrade ACX13-0079C0PT//2Y OnSite Service*upgrade ACX13-0079H0PT//2Y Extension 4Y OnSite Service*upgrade ACX15-021900PT//2Y OnSite Service 2Y Accidental Damage Protection* 2Y HDD_Retention*upgrade ACX15-021910PT//1Y Extension 3Y OnSite Service 3Y Accidental Damage Protection* 3Y HDD_Retention*upgrade ACX15-021920PT//2Y Extension 4Y OnSite Service 4Y Accidental Damage Protection* 4Y HDD_Retention*upgrade ACX15-021930PT//3Y Extension 5Y OnSite Service 5Y Accidental Damage Protection* 5Y HDD_Retention*upgrade | BG44: 65% PCR recycled plastic rear cover | BH44: 65% PCR recycled plastic base cover | BI44: 55%
A45: =IF(ISBLANK(I45),"",H45) -> 90PT03W7-M010C0 | B45: =IF(ISBLANK(I45),"",I45) -> P470VAT-W7850WS | C45: =IF(ISBLANK(I45),"",IF(LEFT(H45, 4) = "90PF",_xlfn.XLOOKUP(B45,'Auto-PF'!$A$2:$A$500,'Auto-PF'!$B$2:$B$500,"Not found",0),_xlfn.XLOOKUP(LEFT(B45,5),'MKT name rule'!$B$2:$B$322,'MKT name rule'!$C$2:$C$322, "Not found"))) -> ASUS ExpertCenter P400 | D45: Trusted by IT Experts. Built for Worry-Free Business. | E45: - Business-Class Performance in a Sleek Design with 93% Screen-to-Body Ratio and 75Hz Responsive Touchscreen - Optimized for Hybrid Work with AI ExpertMeet and Immersive Dolby Audio - Enterprise-Grade Security and Reliability with TPM 2.0, Retractable Camera, and 2-Year Full Warranty with Accidental Damage Protection | F45: https://drive.google.com/drive/folders/1y2xq0lXf4O5bnM0tdNQ4u7tm4T4iKySg?usp=drive_link | H45: 90PT03W7-M010C0 | I45: P470VAT-W7850WS | L45: 8.952 | M45: VSPT03W4-BU0080 | N45: White | O45: 27.0-inch | P45: FHD (1920 x 1080) 16:9 | Q45: LCD | R45: 300nits | S45: sRGB: 100% | T45: 178/178 | U45: 14/25 | V45: 75Hz | W45: 1000:1 | X45: 93 % | Y45: Wide view | Z45: Anti-glare display | AA45: Touch screen | AB45: Normal Stand | AC45: Intel® Core™ i7-13620H Processor 2.4 GHz (24MB Cache, up to 4.9 GHz, 10 cores, 16 Threads) | AD45: N/A | AE45: N/A | AF45: Intel® UHD Graphics | AG45: 8GB DDR5 SO-DIMM | AH45: DDR5 8GB | AI45: 512GB M.2 NVMe™ PCIe® 4.0 SSD | AJ45: 2x DDR5 SO-DIMM slot | AK45: Not available | AL45: Wi-Fi 6E(802.11ax) (Dual band) 2*2 + Bluetooth® 5.4 Wireless Card | AM45: Realtek RTL8111H 10/100/1000 Mbps | AN45: 1080p FHD camera | AO45: With privacy shutter | AP45: N/A | AQ45: Built-in array microphone Built-in speakers | AR45: Windows 11 Home - ASUS recommends Windows 11 Pro for business | AS45: Microsoft Office Home 2024_x000D_ Microsoft 365 Basic | AT45: ø4.5, 120W AC Adapter, Output: 20V DC, 6.0A, 120W, Input: 100~240V AC 50/60Hz universal | AU45: 1x Kensington lock 1x 3.5mm combo audio jack 1x USB 2.0 Type-A | AV45: 1x DC-in 1x RJ45 Gigabit Ethernet 1x HDMI in 1.4 1x HDMI out 1.4 1x USB 3.2 Gen 1 Type-C 3x USB 3.2 Gen 1 Type-A | AW45: 61.3 x 44.7 x 1.7 ~ 21.0 cm (24.13" x 17.60" x 0.67" ~ 8.27") | AX45: 09.00 kg (19.84 lbs) | AY45: BIOS Booting User Password Protection HDD User Password Protection and Security Kensington Security Slot™(7x 3mm) | AZ45: McAfee® 30 days free trial | BA45: Trusted Platform Module (TPM) 2.0 | BB45: MyASUS ASUS Business Manager AI ExpertMeet (AI features need devices with 12GB RAM or more) | BC45: System diagnosis Fan Profile Splendid AppDeals Link to MyASUS | BD45: Wireless sandstone white keyboard Wireless optical mouse | BE45: EPEAT Gold Energy star 8.0 REACH RoHS | BF45: ACCX002-04PE//1Y Extension ACX11-00481DPT//2Y Extension ACX11-00482DPT//3Y Extension ACX12-002742PT//2Y Accidental Damage Protection* ACX12-002752PT//1Y Extension 3Y Accidental Damage Protection* *upgrade ACX12-002782PT//2Y Extension 4Y Accidental Damage Protection* *upgrade ACX12-002792PT//3Y Extension 5Y Accidental Damage Protection**upgrade ACX13-007990PT//3Y Extension 5Y OnSite Service*upgrade ACX13-0079A0PT//1Y Extension 3Y OnSite Service*upgrade ACX13-0079C0PT//2Y OnSite Service*upgrade ACX13-0079H0PT//2Y Extension 4Y OnSite Service*upgrade ACX15-021900PT//2Y OnSite Service 2Y Accidental Damage Protection* 2Y HDD_Retention*upgrade ACX15-021910PT//1Y Extension 3Y OnSite Service 3Y Accidental Damage Protection* 3Y HDD_Retention*upgrade ACX15-021920PT//2Y Extension 4Y OnSite Service 4Y Accidental Damage Protection* 4Y HDD_Retention*upgrade ACX15-021930PT//3Y Extension 5Y OnSite Service 5Y Accidental Damage Protection* 5Y HDD_Retention*upgrade | BG45: 65% PCR recycled plastic rear cover | BH45: 65% PCR recycled plastic base cover | BI45: 55%
A46: =IF(ISBLANK(I46),"",H46) -> 90PF0401-M00AY0 | B46: =IF(ISBLANK(I46),"",I46) -> D500SE-380500031W | C46: =IF(ISBLANK(I46),"",IF(LEFT(H46, 4) = "90PF",_xlfn.XLOOKUP(B46,'Auto-PF'!$A$2:$A$500,'Auto-PF'!$B$2:$B$500,"Not found",0),_xlfn.XLOOKUP(LEFT(B46,5),'MKT name rule'!$B$2:$B$322,'MKT name rule'!$C$2:$C$322, "Not found"))) -> Not found SFF | D46: Exceptional small-business value | E46: - Compact Small form Factor for Space saving with easy to upgrade design - Immersive expandability and comprehensive I/O Port - Military Grade Certified with Business Security 3 years Onsite service (include 1Y Accidental Damage Protection) | H46: 90PF0401-M00AY0 | I46: D500SE-380500031W | J46: VSPF0401-BU0010 | K46: 9L | L46: Black | M46: Small form factor | N46: Windows 11 Home | P46: Intel® Core™ i3-13100 Processor 3.4GHz (12MB Cache, up to 4.5GHz, 4 cores, 8 Threads) N/A | R46: Intel® B760 Chipset | S46: 8GB DDR4 U-DIMM | T46: Memory speed is 3200MHz, but clock down by processor setting. | U46: 64GB | W46: Intel® UHD Graphics 730 | X46: 512GB M.2 2280 NVMe™ PCIe® 4.0 SSD | Y46: DVD writer 8X | Z46: Intel WGI219V 10/100/1000 Mbps, non-vPro | AA46: High Definition 7.1 Channel Audio | AB46: Wi-Fi 6E(802.11ax) (Dual band) 2*2 + Bluetooth® 5.3 Wireless Card | AC46: 180W power supply (80+ Bronze, peak 228W) | AD46: 1x Headphone out 1x Line-in 1x MIC in 1x RJ45 Gigabit Ethernet 1x HDMI 1.4 1x VGA Port 2x PS2 4x USB 2.0 Type-A | AE46: 1x Headphone 1x 3.5mm combo audio jack 2x USB 3.2 Gen 1 Type-A 2x USB 3.2 Gen 2 Type-A 1x Headphone 1x 3.5mm combo audio jack 2x USB 3.2 Gen 1 Type-A 2x USB 3.2 Gen 2 Type-A 1x 2 in 1 card reader SD / MMC 1x Smart card reader | AF46: 2.5" x 1 3.5" x 1 | AG46: 4 x SATA 6.0Gb/s ports | AH46: 2x M.2 connector for storage 1x PCIe® 4.0 x 16 2x PCIe® 3.0 x 1 1x M.2 connector for WiFi 2x DDR4 U-DIMM slot | AI46: Wired Keyboard (USB) with Antimicrobial Guard Technology Wired optical Mouse (USB) with Antimicrobial Guard Technology | AJ46: 1 x COM port HDD/ODD power cable 1 x Parallel port 3.5" HDD assembly kit | AK46: 09.46 x 29.27 x 33.96 cm (3.72" x 11.52" x 13.37") | AL46: 05.00 kg (11.02 lbs) | AM46: Fan profile AppDeals Link to MyASUS | AN46: MyASUS_x000D_ ASUS Business Manager | AO46: HDD User Password Protection and Security Kensington Security Slot™(7x 3mm) Padlock loop Trusted Platform Module (Firmware TPM) | AP46: McAfee® 30 days free trial | AQ46: Trusted Platform Module (TPM) 2.0 | AR46: EPEAT Silver Energy star 8.0 REACH RoHS | AS46: 1Y OnSite Service Accidental Damage Protection + 2Y OnSite Service
A47: =IF(ISBLANK(I47),"",H47) -> 90PF0401-M03B00 | B47: =IF(ISBLANK(I47),"",I47) -> D500SE-382000031W | C47: =IF(ISBLANK(I47),"",IF(LEFT(H47, 4) = "90PF",_xlfn.XLOOKUP(B47,'Auto-PF'!$A$2:$A$500,'Auto-PF'!$B$2:$B$500,"Not found",0),_xlfn.XLOOKUP(LEFT(B47,5),'MKT name rule'!$B$2:$B$322,'MKT name rule'!$C$2:$C$322, "Not found"))) -> Not found SFF | D47: Exceptional small-business value | E47: - Compact Small form Factor for Space saving with easy to upgrade design - Immersive expandability and comprehensive I/O Port - Military Grade Certified with Business Security 3 years Onsite service (include 1Y Accidental Damage Protection) | H47: 90PF0401-M03B00 | I47: D500SE-382000031W | J47: VSPF0401-BU0010 | K47: 9L | L47: Black | M47: Small form factor | N47: Windows 11 Home | P47: Intel® Core™ i3-13100 Processor 3.4GHz (12MB Cache, up to 4.5GHz, 4 cores, 8 Threads) N/A | R47: Intel® B760 Chipset | S47: 8GB DDR4 U-DIMM | T47: Memory speed is 3200MHz, but clock down by processor setting. | U47: 64GB | W47: Intel® UHD Graphics 730 | X47: 256GB M.2 2280 NVMe™ PCIe® 4.0 SSD | Z47: Intel WGI219V 10/100/1000 Mbps, non-vPro | AA47: High Definition 7.1 Channel Audio | AB47: Wi-Fi 6E(802.11ax) (Dual band) 2*2 + Bluetooth® 5.3 Wireless Card | AC47: 180W power supply (80+ Bronze, peak 228W) | AD47: 1x Headphone out 1x Line-in 1x MIC in 1x RJ45 Gigabit Ethernet 1x HDMI 1.4 1x VGA Port 2x PS2 4x USB 2.0 Type-A | AE47: 1x Headphone 1x 3.5mm combo audio jack 2x USB 3.2 Gen 1 Type-A 2x USB 3.2 Gen 2 Type-A 1x Headphone 1x 3.5mm combo audio jack 2x USB 3.2 Gen 1 Type-A 2x USB 3.2 Gen 2 Type-A 1x 2 in 1 card reader SD / MMC 1x Smart card reader | AF47: 2.5" x 1 3.5" x 1 | AG47: 4 x SATA 6.0Gb/s ports | AH47: 2x M.2 connector for storage 1x PCIe® 4.0 x 16 2x PCIe® 3.0 x 1 1x M.2 connector for WiFi 2x DDR4 U-DIMM slot | AI47: Wired Keyboard (USB) with Antimicrobial Guard Technology Wired optical Mouse (USB) with Antimicrobial Guard Technology | AJ47: 1 x COM port 1 x Parallel port M.2 2280 SSD assembly kit | AK47: 09.46 x 29.27 x 33.96 cm (3.72" x 11.52" x 13.37") | AL47: 05.00 kg (11.02 lbs) | AM47: Fan profile AppDeals Link to MyASUS | AN47: MyASUS_x000D_ ASUS Business Manager | AO47: HDD User Password Protection and Security Kensington Security Slot™(7x 3mm) Padlock loop Trusted Platform Module (Firmware TPM) | AP47: McAfee® 30 days free trial | AQ47: Trusted Platform Module (TPM) 2.0 | AR47: EPEAT Silver Energy star 8.0 REACH RoHS | AS47: 1Y OnSite Service Accidental Damage Protection + 2Y OnSite Service
A48: =IF(ISBLANK(I48),"",H48) -> 90PF0401-M03B10 | B48: =IF(ISBLANK(I48),"",I48) -> D500SE-382000031X | C48: =IF(ISBLANK(I48),"",IF(LEFT(H48, 4) = "90PF",_xlfn.XLOOKUP(B48,'Auto-PF'!$A$2:$A$500,'Auto-PF'!$B$2:$B$500,"Not found",0),_xlfn.XLOOKUP(LEFT(B48,5),'MKT name rule'!$B$2:$B$322,'MKT name rule'!$C$2:$C$322, "Not found"))) -> Not found SFF | D48: Exceptional small-business value | E48: - Compact Small form Factor for Space saving with easy to upgrade design - Immersive expandability and comprehensive I/O Port - Military Grade Certified with Business Security 3 years Onsite service (include 1Y Accidental Damage Protection) | H48: 90PF0401-M03B10 | I48: D500SE-382000031X | J48: VSPF0401-BU0010 | K48: 9L | L48: Black | M48: Small form factor | N48: Windows 11 Home | P48: Intel® Core™ i3-13100 Processor 3.4GHz (12MB Cache, up to 4.5GHz, 4 cores, 8 Threads) N/A | R48: Intel® B760 Chipset | S48: 8GB DDR4 U-DIMM | T48: Memory speed is 3200MHz, but clock down by processor setting. | U48: 64GB | W48: Intel® UHD Graphics 730 | X48: 256GB M.2 2280 NVMe™ PCIe® 4.0 SSD | Z48: Intel WGI219V 10/100/1000 Mbps, non-vPro | AA48: High Definition 7.1 Channel Audio | AB48: Wi-Fi 6E(802.11ax) (Dual band) 2*2 + Bluetooth® 5.3 Wireless Card | AC48: 180W power supply (80+ Bronze, peak 228W) | AD48: 1x Headphone out 1x Line-in 1x MIC in 1x RJ45 Gigabit Ethernet 1x HDMI 1.4 1x VGA Port 2x PS2 4x USB 2.0 Type-A | AE48: 1x Headphone 1x 3.5mm combo audio jack 2x USB 3.2 Gen 1 Type-A 2x USB 3.2 Gen 2 Type-A 1x Headphone 1x 3.5mm combo audio jack 2x USB 3.2 Gen 1 Type-A 2x USB 3.2 Gen 2 Type-A 1x 2 in 1 card reader SD / MMC 1x Smart card reader | AF48: 2.5" x 1 3.5" x 1 | AG48: 4 x SATA 6.0Gb/s ports | AH48: 2x M.2 connector for storage 1x PCIe® 4.0 x 16 2x PCIe® 3.0 x 1 1x M.2 connector for WiFi 2x DDR4 U-DIMM slot | AI48: Wired Keyboard (USB) with Antimicrobial Guard Technology Wired optical Mouse (USB) with Antimicrobial Guard Technology | AJ48: 1 x COM port 1 x Parallel port M.2 2280 SSD assembly kit | AK48: 09.46 x 29.27 x 33.96 cm (3.72" x 11.52" x 13.37") | AL48: 05.00 kg (11.02 lbs) | AM48: Fan profile AppDeals Link to MyASUS | AN48: MyASUS_x000D_ ASUS Business Manager | AO48: HDD User Password Protection and Security Kensington Security Slot™(7x 3mm) Padlock loop Trusted Platform Module (Firmware TPM) | AP48: McAfee® 30 days free trial | AQ48: Trusted Platform Module (TPM) 2.0 | AR48: EPEAT Silver Energy star 8.0 REACH RoHS | AS48: 1Y OnSite Service Accidental Damage Protection + 2Y OnSite Service
A49: =IF(ISBLANK(I49),"",H49) -> 90PF0401-M03W50 | B49: =IF(ISBLANK(I49),"",I49) -> D500SE-385000031W | C49: =IF(ISBLANK(I49),"",IF(LEFT(H49, 4) = "90PF",_xlfn.XLOOKUP(B49,'Auto-PF'!$A$2:$A$500,'Auto-PF'!$B$2:$B$500,"Not found",0),_xlfn.XLOOKUP(LEFT(B49,5),'MKT name rule'!$B$2:$B$322,'MKT name rule'!$C$2:$C$322, "Not found"))) -> Not found SFF | D49: Exceptional small-business value | E49: - Compact Small form Factor for Space saving with easy to upgrade design - Immersive expandability and comprehensive I/O Port - Military Grade Certified with Business Security 3 years Onsite service (include 1Y Accidental Damage Protection) | H49: 90PF0401-M03W50 | I49: D500SE-385000031W | J49: VSPF0401-BU0010 | K49: 9L | L49: Black | M49: Small form factor | N49: Windows 11 Home | P49: Intel® Core™ i3-13100 Processor 3.4GHz (12MB Cache, up to 4.5GHz, 4 cores, 8 Threads) N/A | R49: Intel® B760 Chipset | S49: 8GB DDR4 U-DIMM | T49: Memory speed is 3200MHz, but clock down by processor setting. | U49: 64GB | W49: Intel® UHD Graphics 730 | X49: 512GB M.2 2280 NVMe™ PCIe® 4.0 SSD | Z49: Intel WGI219V 10/100/1000 Mbps, non-vPro | AA49: High Definition 7.1 Channel Audio | AB49: Wi-Fi 6E(802.11ax) (Dual band) 2*2 + Bluetooth® 5.3 Wireless Card | AC49: 180W power supply (80+ Bronze, peak 228W) | AD49: 1x Headphone out 1x Line-in 1x MIC in 1x RJ45 Gigabit Ethernet 1x HDMI 1.4 1x VGA Port 2x PS2 4x USB 2.0 Type-A | AE49: 1x Headphone 1x 3.5mm combo audio jack 2x USB 3.2 Gen 1 Type-A 2x USB 3.2 Gen 2 Type-A 1x Headphone 1x 3.5mm combo audio jack 2x USB 3.2 Gen 1 Type-A 2x USB 3.2 Gen 2 Type-A 1x 2 in 1 card reader SD / MMC 1x Smart card reader | AF49: 2.5" x 1 3.5" x 1 | AG49: 4 x SATA 6.0Gb/s ports | AH49: 2x M.2 connector for storage 1x PCIe® 4.0 x 16 2x PCIe® 3.0 x 1 1x M.2 connector for WiFi 2x DDR4 U-DIMM slot | AI49: Wired Keyboard (USB) with Antimicrobial Guard Technology Wired optical Mouse (USB) with Antimicrobial Guard Technology | AJ49: 1 x COM port 1 x Parallel port M.2 2280 SSD assembly kit | AK49: 09.46 x 29.27 x 33.96 cm (3.72" x 11.52" x 13.37") | AL49: 05.00 kg (11.02 lbs) | AM49: Fan profile AppDeals Link to MyASUS | AN49: MyASUS_x000D_ ASUS Business Manager | AO49: HDD User Password Protection and Security Kensington Security Slot™(7x 3mm) Padlock loop Trusted Platform Module (Firmware TPM) | AP49: McAfee® 30 days free trial | AQ49: Trusted Platform Module (TPM) 2.0 | AR49: EPEAT Silver Energy star 8.0 REACH RoHS | AS49: 1Y OnSite Service Accidental Damage Protection + 2Y OnSite Service
A50: =IF(ISBLANK(I50),"",H50) -> 90PF0401-M044V0 | B50: =IF(ISBLANK(I50),"",I50) -> D500SE-385000031X | C50: =IF(ISBLANK(I50),"",IF(LEFT(H50, 4) = "90PF",_xlfn.XLOOKUP(B50,'Auto-PF'!$A$2:$A$500,'Auto-PF'!$B$2:$B$500,"Not found",0),_xlfn.XLOOKUP(LEFT(B50,5),'MKT name rule'!$B$2:$B$322,'MKT name rule'!$C$2:$C$322, "Not found"))) -> Not found SFF | D50: Exceptional small-business value | E50: - Compact Small form Factor for Space saving with easy to upgrade design - Immersive expandability and comprehensive I/O Port - Military Grade Certified with Business Security 3 years Onsite service (include 1Y Accidental Damage Protection) | H50: 90PF0401-M044V0 | I50: D500SE-385000031X | J50: VSPF0401-BU0010 | K50: 9L | L50: Black | M50: Small form factor | N50: Windows 11 Home | P50: Intel® Core™ i3-13100 Processor 3.4GHz (12MB Cache, up to 4.5GHz, 4 cores, 8 Threads) N/A | R50: Intel® B760 Chipset | S50: 8GB DDR4 U-DIMM | T50: Memory speed is 3200MHz, but clock down by processor setting. | U50: 64GB | W50: Intel® UHD Graphics 730 | X50: 512GB M.2 2280 NVMe™ PCIe® 4.0 SSD | Z50: Intel WGI219V 10/100/1000 Mbps, non-vPro | AA50: High Definition 7.1 Channel Audio | AB50: Wi-Fi 6E(802.11ax) (Dual band) 2*2 + Bluetooth® 5.3 Wireless Card | AC50: 180W power supply (80+ Bronze, peak 228W) | AD50: 1x Headphone out 1x Line-in 1x MIC in 1x RJ45 Gigabit Ethernet 1x HDMI 1.4 1x VGA Port 2x PS2 4x USB 2.0 Type-A | AE50: 1x Headphone 1x 3.5mm combo audio jack 2x USB 3.2 Gen 1 Type-A 2x USB 3.2 Gen 2 Type-A 1x Headphone 1x 3.5mm combo audio jack 2x USB 3.2 Gen 1 Type-A 2x USB 3.2 Gen 2 Type-A 1x 2 in 1 card reader SD / MMC 1x Smart card reader | AF50: 2.5" x 1 3.5" x 1 | AG50: 4 x SATA 6.0Gb/s ports | AH50: 2x M.2 connector for storage 1x PCIe® 4.0 x 16 2x PCIe® 3.0 x 1 1x M.2 connector for WiFi 2x DDR4 U-DIMM slot | AI50: Wired Keyboard (USB) with Antimicrobial Guard Technology Wired optical Mouse (USB) with Antimicrobial Guard Technology | AJ50: 1 x COM port 1 x Parallel port M.2 2280 SSD assembly kit | AK50: 09.46 x 29.27 x 33.96 cm (3.72" x 11.52" x 13.37") | AL50: 05.00 kg (11.02 lbs) | AM50: Fan profile AppDeals Link to MyASUS | AN50: MyASUS_x000D_ ASUS Business Manager | AO50: HDD User Password Protection and Security Kensington Security Slot™(7x 3mm) Padlock loop Trusted Platform Module (Firmware TPM) | AP50: McAfee® 30 days free trial | AQ50: Trusted Platform Module (TPM) 2.0 | AR50: EPEAT Silver Energy star 8.0 REACH RoHS | AS50: 1Y OnSite Service Accidental Damage Protection + 2Y OnSite Service
A51: =IF(ISBLANK(I51),"",H51) -> 90PF0401-M00B00 | B51: =IF(ISBLANK(I51),"",I51) -> D500SE-580500033W | C51: =IF(ISBLANK(I51),"",IF(LEFT(H51, 4) = "90PF",_xlfn.XLOOKUP(B51,'Auto-PF'!$A$2:$A$500,'Auto-PF'!$B$2:$B$500,"Not found",0),_xlfn.XLOOKUP(LEFT(B51,5),'MKT name rule'!$B$2:$B$322,'MKT name rule'!$C$2:$C$322, "Not found"))) -> Not found SFF | D51: Exceptional small-business value | E51: - Compact Small form Factor for Space saving with easy to upgrade design - Immersive expandability and comprehensive I/O Port - Military Grade Certified with Business Security 3 years Onsite service (include 1Y Accidental Damage Protection) | H51: 90PF0401-M00B00 | I51: D500SE-580500033W | J51: VSPF0401-BU0010 | K51: 9L | L51: Black | M51: Small form factor | N51: Windows 11 Home | P51: Intel® Core™ i5-13400 Processor 2.5GHz (20MB Cache, up to 4.6GHz, 10 cores, 16 Threads) N/A | R51: Intel® B760 Chipset | S51: 8GB DDR4 U-DIMM | T51: Memory speed is 3200MHz, but clock down by processor setting. | U51: 64GB | W51: Intel® UHD Graphics 730 | X51: 512GB M.2 2280 NVMe™ PCIe® 4.0 SSD | Y51: DVD writer 8X | Z51: Intel WGI219V 10/100/1000 Mbps, non-vPro | AA51: High Definition 7.1 Channel Audio | AB51: Wi-Fi 6E(802.11ax) (Dual band) 2*2 + Bluetooth® 5.3 Wireless Card | AC51: 300W power supply (80+ Platinum, peak 390W) | AD51: 1x Headphone out 1x Line-in 1x MIC in 1x RJ45 Gigabit Ethernet 1x HDMI 1.4 1x VGA Port 2x PS2 4x USB 2.0 Type-A | AE51: 1x Headphone 1x 3.5mm combo audio jack 2x USB 3.2 Gen 1 Type-A 2x USB 3.2 Gen 2 Type-A 1x Headphone 1x 3.5mm combo audio jack 2x USB 3.2 Gen 1 Type-A 2x USB 3.2 Gen 2 Type-A 1x 2 in 1 card reader SD / MMC 1x Smart card reader | AF51: 2.5" x 1 3.5" x 1 | AG51: 4 x SATA 6.0Gb/s ports | AH51: 2x M.2 connector for storage 1x PCIe® 4.0 x 16 2x PCIe® 3.0 x 1 1x M.2 connector for WiFi 2x DDR4 U-DIMM slot | AI51: Wired Keyboard (USB) with Antimicrobial Guard Technology Wired optical Mouse (USB) with Antimicrobial Guard Technology | AJ51: 1 x COM port HDD/ODD power cable 1 x Parallel port 3.5" HDD assembly kit | AK51: 09.46 x 29.27 x 33.96 cm (3.72" x 11.52" x 13.37") | AL51: 05.00 kg (11.02 lbs) | AM51: Fan profile AppDeals Link to MyASUS | AN51: MyASUS_x000D_ ASUS Business Manager | AO51: HDD User Password Protection and Security Kensington Security Slot™(7x 3mm) Padlock loop Trusted Platform Module (Firmware TPM) | AP51: McAfee® 30 days free trial | AQ51: Trusted Platform Module (TPM) 2.0 | AR51: EPEAT Silver Energy star 8.0 REACH RoHS | AS51: 1Y OnSite Service Accidental Damage Protection + 2Y OnSite Service
A52: =IF(ISBLANK(I52),"",H52) -> 90PF0401-M00NY0 | B52: =IF(ISBLANK(I52),"",I52) -> D500SE-580520033W | C52: =IF(ISBLANK(I52),"",IF(LEFT(H52, 4) = "90PF",_xlfn.XLOOKUP(B52,'Auto-PF'!$A$2:$A$500,'Auto-PF'!$B$2:$B$500,"Not found",0),_xlfn.XLOOKUP(LEFT(B52,5),'MKT name rule'!$B$2:$B$322,'MKT name rule'!$C$2:$C$322, "Not found"))) -> Not found SFF | D52: Exceptional small-business value | E52: - Compact Small form Factor for Space saving with easy to upgrade design - Immersive expandability and comprehensive I/O Port - Military Grade Certified with Business Security 3 years Onsite service (include 1Y Accidental Damage Protection) | H52: 90PF0401-M00NY0 | I52: D500SE-580520033W | J52: VSPF0401-BU0010 | K52: 9L | L52: Black | M52: Small form factor | N52: Windows 11 Home | P52: Intel® Core™ i5-13400 Processor 2.5GHz (20MB Cache, up to 4.6GHz, 10 cores, 16 Threads) N/A | R52: Intel® B760 Chipset | S52: 8GB DDR4 U-DIMM | T52: Memory speed is 3200MHz, but clock down by processor setting. | U52: 64GB | V52: NVIDIA® GeForce® GT1030 2GB : 1x DVI, 1x HDMI | W52: Intel® UHD Graphics 730 | X52: 512GB M.2 2280 NVMe™ PCIe® 4.0 SSD | Y52: DVD writer 8X | Z52: Intel WGI219V 10/100/1000 Mbps, non-vPro | AA52: High Definition 7.1 Channel Audio | AB52: Wi-Fi 6E(802.11ax) (Dual band) 2*2 + Bluetooth® 5.3 Wireless Card | AC52: 300W power supply (80+ Platinum, peak 390W) | AD52: 1x Headphone out 1x Line-in 1x MIC in 1x RJ45 Gigabit Ethernet 1x HDMI 1.4 1x VGA Port 2x PS2 4x USB 2.0 Type-A | AE52: 1x Headphone 1x 3.5mm combo audio jack 2x USB 3.2 Gen 1 Type-A 2x USB 3.2 Gen 2 Type-A 1x Headphone 1x 3.5mm combo audio jack 2x USB 3.2 Gen 1 Type-A 2x USB 3.2 Gen 2 Type-A 1x 2 in 1 card reader SD / MMC 1x Smart card reader | AF52: 2.5" x 1 3.5" x 1 | AG52: 4 x SATA 6.0Gb/s ports | AH52: 2x M.2 connector for storage 1x PCIe® 4.0 x 16 2x PCIe® 3.0 x 1 1x M.2 connector for WiFi 2x DDR4 U-DIMM slot | AI52: Wired Keyboard (USB) with Antimicrobial Guard Technology Wired optical Mouse (USB) with Antimicrobial Guard Technology | AJ52: 1 x COM port HDD/ODD power cable 1 x Parallel port 3.5" HDD assembly kit | AK52: 09.46 x 29.27 x 33.96 cm (3.72" x 11.52" x 13.37") | AL52: 05.00 kg (11.02 lbs) | AM52: Fan profile AppDeals Link to MyASUS | AN52: MyASUS_x000D_ ASUS Business Manager | AO52: HDD User Password Protection and Security Kensington Security Slot™(7x 3mm) Padlock loop Trusted Platform Module (Firmware TPM) | AP52: McAfee® 30 days free trial | AQ52: Trusted Platform Module (TPM) 2.0 | AR52: EPEAT Silver Energy star 8.0 REACH RoHS | AS52: 1Y OnSite Service Accidental Damage Protection + 2Y OnSite Service
A53: =IF(ISBLANK(I53),"",H53) -> 90PF0401-M04F20 | B53: =IF(ISBLANK(I53),"",I53) -> D500SE-585000031W | C53: =IF(ISBLANK(I53),"",IF(LEFT(H53, 4) = "90PF",_xlfn.XLOOKUP(B53,'Auto-PF'!$A$2:$A$500,'Auto-PF'!$B$2:$B$500,"Not found",0),_xlfn.XLOOKUP(LEFT(B53,5),'MKT name rule'!$B$2:$B$322,'MKT name rule'!$C$2:$C$322, "Not found"))) -> Not found SFF | D53: Exceptional small-business value | E53: - Compact Small form Factor for Space saving with easy to upgrade design - Immersive expandability and comprehensive I/O Port - Military Grade Certified with Business Security 3 years Onsite service (include 1Y Accidental Damage Protection) | H53: 90PF0401-M04F20 | I53: D500SE-585000031W | J53: VSPF0401-BU0010 | K53: 9L | L53: Black | M53: Small form factor | N53: Windows 11 Home | P53: Intel® Core™ i5-13500 Processor 2.5GHz (24M Cache, up to 4.8GHz, 14 cores) N/A | R53: Intel® B760 Chipset | S53: 8GB DDR4 U-DIMM | T53: Memory speed is 3200MHz, but clock down by processor setting. | U53: 64GB | W53: Intel® UHD Graphics 770 | X53: 512GB M.2 2280 NVMe™ PCIe® 4.0 SSD | Z53: Intel WGI219V 10/100/1000 Mbps, non-vPro | AA53: High Definition 7.1 Channel Audio | AB53: Wi-Fi 6E(802.11ax) (Dual band) 2*2 + Bluetooth® 5.3 Wireless Card | AC53: 180W power supply (80+ Bronze, peak 228W) | AD53: 1x Headphone out 1x Line-in 1x MIC in 1x RJ45 Gigabit Ethernet 1x HDMI 1.4 1x VGA Port 2x PS2 4x USB 2.0 Type-A | AE53: 1x Headphone 1x 3.5mm combo audio jack 2x USB 3.2 Gen 1 Type-A 2x USB 3.2 Gen 2 Type-A 1x Headphone 1x 3.5mm combo audio jack 2x USB 3.2 Gen 1 Type-A 2x USB 3.2 Gen 2 Type-A 1x 2 in 1 card reader SD / MMC 1x Smart card reader | AF53: 2.5" x 1 3.5" x 1 | AG53: 4 x SATA 6.0Gb/s ports | AH53: 2x M.2 connector for storage 1x PCIe® 4.0 x 16 2x PCIe® 3.0 x 1 1x M.2 connector for WiFi 2x DDR4 U-DIMM slot | AI53: Wired Keyboard (USB) with Antimicrobial Guard Technology Wired optical Mouse (USB) with Antimicrobial Guard Technology | AJ53: 1 x COM port 1 x Parallel port 2.5" HDD assembly kit | AK53: 09.46 x 29.27 x 33.96 cm (3.72" x 11.52" x 13.37") | AL53: 05.00 kg (11.02 lbs) | AM53: Fan profile AppDeals Link to MyASUS | AN53: MyASUS_x000D_ ASUS Business Manager | AO53: HDD User Password Protection and Security Kensington Security Slot™(7x 3mm) Padlock loop Trusted Platform Module (Firmware TPM) | AP53: McAfee® 30 days free trial | AQ53: Trusted Platform Module (TPM) 2.0 | AR53: EPEAT Silver Energy star 8.0 REACH RoHS | AS53: 1Y OnSite Service Accidental Damage Protection + 2Y OnSite Service
A54: =IF(ISBLANK(I54),"",H54) -> 90PF0401-M02EX0 | B54: =IF(ISBLANK(I54),"",I54) -> D500SE-585000031X | C54: =IF(ISBLANK(I54),"",IF(LEFT(H54, 4) = "90PF",_xlfn.XLOOKUP(B54,'Auto-PF'!$A$2:$A$500,'Auto-PF'!$B$2:$B$500,"Not found",0),_xlfn.XLOOKUP(LEFT(B54,5),'MKT name rule'!$B$2:$B$322,'MKT name rule'!$C$2:$C$322, "Not found"))) -> Not found SFF | D54: Exceptional small-business value | E54: - Compact Small form Factor for Space saving with easy to upgrade design - Immersive expandability and comprehensive I/O Port - Military Grade Certified with Business Security 3 years Onsite service (include 1Y Accidental Damage Protection) | H54: 90PF0401-M02EX0 | I54: D500SE-585000031X | J54: VSPF0401-BU0010 | K54: 9L | L54: Black | M54: Small form factor | N54: Windows 11 Home | P54: Intel® Core™ i5-13500 Processor 2.5GHz (24M Cache, up to 4.8GHz, 14 cores) N/A | R54: Intel® B760 Chipset | S54: 8GB DDR4 U-DIMM | T54: Memory speed is 3200MHz, but clock down by processor setting. | U54: 64GB | W54: Intel® UHD Graphics 770 | X54: 512GB M.2 2280 NVMe™ PCIe® 4.0 SSD | Z54: Intel WGI219V 10/100/1000 Mbps, non-vPro | AA54: High Definition 7.1 Channel Audio | AB54: Wi-Fi 6E(802.11ax) (Dual band) 2*2 + Bluetooth® 5.3 Wireless Card | AC54: 180W power supply (80+ Bronze, peak 228W) | AD54: 1x Headphone out 1x Line-in 1x MIC in 1x RJ45 Gigabit Ethernet 1x HDMI 1.4 1x VGA Port 2x PS2 4x USB 2.0 Type-A | AE54: 1x Headphone 1x 3.5mm combo audio jack 2x USB 3.2 Gen 1 Type-A 2x USB 3.2 Gen 2 Type-A 1x Headphone 1x 3.5mm combo audio jack 2x USB 3.2 Gen 1 Type-A 2x USB 3.2 Gen 2 Type-A 1x 2 in 1 card reader SD / MMC 1x Smart card reader | AF54: 2.5" x 1 3.5" x 1 | AG54: 4 x SATA 6.0Gb/s ports | AH54: 2x M.2 connector for storage 1x PCIe® 4.0 x 16 2x PCIe® 3.0 x 1 1x M.2 connector for WiFi 2x DDR4 U-DIMM slot | AI54: Wired Keyboard (USB) with Antimicrobial Guard Technology Wired optical Mouse (USB) with Antimicrobial Guard Technology | AJ54: 1 x COM port 1 x Parallel port 2.5" HDD assembly kit | AK54: 09.46 x 29.27 x 33.96 cm (3.72" x 11.52" x 13.37") | AL54: 05.00 kg (11.02 lbs) | AM54: Fan profile AppDeals Link to MyASUS | AN54: MyASUS_x000D_ ASUS Business Manager | AO54: HDD User Password Protection and Security Kensington Security Slot™(7x 3mm) Padlock loop Trusted Platform Module (Firmware TPM) | AP54: McAfee® 30 days free trial | AQ54: Trusted Platform Module (TPM) 2.0 | AR54: EPEAT Silver Energy star 8.0 REACH RoHS | AS54: 1Y OnSite Service Accidental Damage Protection + 2Y OnSite Service
A55: =IF(ISBLANK(I55),"",H55) -> 90PF0401-M03CM0 | B55: =IF(ISBLANK(I55),"",I55) -> D500SE-785000033X | C55: =IF(ISBLANK(I55),"",IF(LEFT(H55, 4) = "90PF",_xlfn.XLOOKUP(B55,'Auto-PF'!$A$2:$A$500,'Auto-PF'!$B$2:$B$500,"Not found",0),_xlfn.XLOOKUP(LEFT(B55,5),'MKT name rule'!$B$2:$B$322,'MKT name rule'!$C$2:$C$322, "Not found"))) -> Not found SFF | D55: Exceptional small-business value | E55: - Compact Small form Factor for Space saving with easy to upgrade design - Immersive expandability and comprehensive I/O Port - Military Grade Certified with Business Security 3 years Onsite service (include 1Y Accidental Damage Protection) | H55: 90PF0401-M03CM0 | I55: D500SE-785000033X | J55: VSPF0401-BU0010 | K55: 9L | L55: Black | M55: Small form factor | N55: Windows 11 Home | P55: Intel® Core™ i7-13700 Processor 2.1GHz (30MB Cache, up to 5.1GHz, 16 cores, 24 Threads) N/A | R55: Intel® B760 Chipset | S55: 8GB DDR4 U-DIMM | T55: Memory speed is 3200MHz, but clock down by processor setting. | U55: 64GB | W55: Intel® UHD Graphics 770 | X55: 512GB M.2 2280 NVMe™ PCIe® 4.0 SSD | Z55: Intel WGI219V 10/100/1000 Mbps, non-vPro | AA55: High Definition 7.1 Channel Audio | AB55: Wi-Fi 6E(802.11ax) (Dual band) 2*2 + Bluetooth® 5.3 Wireless Card | AC55: 300W power supply (80+ Platinum, peak 390W) | AD55: 1x Headphone out 1x Line-in 1x MIC in 1x RJ45 Gigabit Ethernet 1x HDMI 1.4 1x VGA Port 2x PS2 4x USB 2.0 Type-A | AE55: 1x Headphone 1x 3.5mm combo audio jack 2x USB 3.2 Gen 1 Type-A 2x USB 3.2 Gen 2 Type-A 1x Headphone 1x 3.5mm combo audio jack 2x USB 3.2 Gen 1 Type-A 2x USB 3.2 Gen 2 Type-A 1x 2 in 1 card reader SD / MMC 1x Smart card reader | AF55: 2.5" x 1 3.5" x 1 | AG55: 4 x SATA 6.0Gb/s ports | AH55: 2x M.2 connector for storage 1x PCIe® 4.0 x 16 2x PCIe® 3.0 x 1 1x M.2 connector for WiFi 2x DDR4 U-DIMM slot | AI55: Wired Keyboard (USB) with Antimicrobial Guard Technology Wired optical Mouse (USB) with Antimicrobial Guard Technology | AJ55: 1 x COM port 1 x Parallel port 2.5" HDD assembly kit | AK55: 09.46 x 29.27 x 33.96 cm (3.72" x 11.52" x 13.37") | AL55: 05.00 kg (11.02 lbs) | AM55: Fan profile AppDeals Link to MyASUS | AN55: MyASUS_x000D_ ASUS Business Manager | AO55: HDD User Password Protection and Security Kensington Security Slot™(7x 3mm) Padlock loop Trusted Platform Module (Firmware TPM) | AP55: McAfee® 30 days free trial | AQ55: Trusted Platform Module (TPM) 2.0 | AR55: EPEAT Silver Energy star 8.0 REACH RoHS | AS55: 1Y OnSite Service Accidental Damage Protection + 2Y OnSite Service
A56: =IF(ISBLANK(I56),"",H56) -> 90PF03Y2-M004J0 | B56: =IF(ISBLANK(I56),"",I56) -> D500TE-380500033W | C56: =IF(ISBLANK(I56),"",IF(LEFT(H56, 4) = "90PF",_xlfn.XLOOKUP(B56,'Auto-PF'!$A$2:$A$500,'Auto-PF'!$B$2:$B$500,"Not found",0),_xlfn.XLOOKUP(LEFT(B56,5),'MKT name rule'!$B$2:$B$322,'MKT name rule'!$C$2:$C$322, "Not found"))) -> Not found Tower | D56: Exceptional small-business value | E56: - High expandability with Tower 27L with Reliable Performance - Comprehensive I/O Port with connectivity up to 3 monitor display - Military Grade Certified with Business Security 3 years Onsite service (include 1Y Accidental Damage Protection) | H56: 90PF03Y2-M004J0 | I56: D500TE-380500033W | J56: VSPF03Y1-BU0020 | K56: 27L | L56: Black | M56: Tower | N56: Windows 11 Home | P56: Intel® Core™ i3-13100 Processor 3.4GHz (12MB Cache, up to 4.5GHz, 4 cores, 8 Threads) N/A | R56: Intel® B760 Chipset | S56: 8GB DDR4 U-DIMM | T56: Memory speed is 3200MHz, but clock down by processor setting. | U56: 64GB | W56: Intel® UHD Graphics | X56: 512GB M.2 2280 NVMe™ PCIe® 4.0 SSD | Y56: DVD writer 8X | Z56: Intel WGI219V 10/100/1000 Mbps, non-vPro | AA56: High Definition 7.1 Channel Audio | AB56: Wi-Fi 6(802.11ax) (Dual band) 2*2 + Bluetooth® 5.2 Wireless Card | AC56: 300W power supply (80+ Bronze, peak 350W) | AD56: 1x RJ45 Gigabit Ethernet 1x HDMI 1.4 1x VGA Port 1x Displayport 1.4 2x PS2 3 x Audio jacks 2x USB 2.0 Type-A 2x USB 3.2 Gen 1 Type-A | AE56: 1x Headphone 1x MIC in 2x USB 2.0 Type-A 2x USB 3.2 Gen 1 Type-A 1x 2 in 1 card reader SD / MMC 1x Smart card reader | AF56: 3.5" x 2 | AG56: 4 x SATA 6.0Gb/s ports | AH56: 2x M.2 connector for storage 1x PCIe® 4.0 x 16 2x PCIe® 3.0 x 1 1x M.2 connector for WiFi 2x DDR4 U-DIMM slot | AI56: Wired keyboard (USB) Wired optical mouse (USB) | AJ56: 1 x COM port 1 x Parallel port 3.5" HDD assembly kit | AK56: 17.60 x 39.30 x 38.50 cm (6.93" x 15.47" x 15.16") | AL56: 07.70 kg (16.98 lbs) | AM56: Fan profile AppDeals Link to MyASUS | AN56: MyASUS_x000D_ ASUS Business Manager | AO56: HDD User Password Protection and Security Kensington Security Slot™(7x 3mm) McAfee® 30 days free trial Padlock loop Trusted Platform Module (Firmware TPM) | AP56: McAfee® 30 days free trial | AQ56: Trusted Platform Module (TPM) 2.0 | AR56: Energy star 8.0 REACH RoHS | AS56: 1Y OnSite Service Accidental Damage Protection + 2Y OnSite Service
A57: =IF(ISBLANK(I57),"",H57) -> 90PF03Y2-M004L0 | B57: =IF(ISBLANK(I57),"",I57) -> D500TE-580500035W | C57: =IF(ISBLANK(I57),"",IF(LEFT(H57, 4) = "90PF",_xlfn.XLOOKUP(B57,'Auto-PF'!$A$2:$A$500,'Auto-PF'!$B$2:$B$500,"Not found",0),_xlfn.XLOOKUP(LEFT(B57,5),'MKT name rule'!$B$2:$B$322,'MKT name rule'!$C$2:$C$322, "Not found"))) -> Not found Tower | D57: Exceptional small-business value | E57: - High expandability with Tower 27L with Reliable Performance - Comprehensive I/O Port with connectivity up to 3 monitor display - Military Grade Certified with Business Security 3 years Onsite service (include 1Y Accidental Damage Protection) | H57: 90PF03Y2-M004L0 | I57: D500TE-580500035W | J57: VSPF03Y1-BU0020 | K57: 27L | L57: Black | M57: Tower | N57: Windows 11 Home | P57: Intel® Core™ i5-13400 Processor 2.5GHz (20MB Cache, up to 4.6GHz, 10 cores, 16 Threads) N/A | R57: Intel® B760 Chipset | S57: 8GB DDR4 U-DIMM | T57: Memory speed is 3200MHz, but clock down by processor setting. | U57: 64GB | W57: Intel® UHD Graphics | X57: 512GB M.2 2280 NVMe™ PCIe® 4.0 SSD | Y57: DVD writer 8X | Z57: Intel WGI219V 10/100/1000 Mbps, non-vPro | AA57: High Definition 7.1 Channel Audio | AB57: Wi-Fi 6(802.11ax) (Dual band) 2*2 + Bluetooth® 5.2 Wireless Card | AC57: 500W power supply (80+ Bronze, peak 550W) | AD57: 1x RJ45 Gigabit Ethernet 1x HDMI 1.4 1x VGA Port 1x Displayport 1.4 2x PS2 3 x Audio jacks 2x USB 2.0 Type-A 2x USB 3.2 Gen 1 Type-A | AE57: 1x Headphone 1x MIC in 2x USB 2.0 Type-A 2x USB 3.2 Gen 1 Type-A 1x 2 in 1 card reader SD / MMC 1x Smart card reader | AF57: 3.5" x 2 | AG57: 4 x SATA 6.0Gb/s ports | AH57: 2x M.2 connector for storage 1x PCIe® 4.0 x 16 2x PCIe® 3.0 x 1 1x M.2 connector for WiFi 2x DDR4 U-DIMM slot | AI57: Wired keyboard (USB) Wired optical mouse (USB) | AJ57: 1 x COM port 1 x Parallel port 3.5" HDD assembly kit | AK57: 17.60 x 39.30 x 38.50 cm (6.93" x 15.47" x 15.16") | AL57: 07.70 kg (16.98 lbs) | AM57: Fan profile AppDeals Link to MyASUS | AN57: MyASUS_x000D_ ASUS Business Manager | AO57: HDD User Password Protection and Security Kensington Security Slot™(7x 3mm) McAfee® 30 days free trial Padlock loop Trusted Platform Module (Firmware TPM) | AP57: McAfee® 30 days free trial | AQ57: Trusted Platform Module (TPM) 2.0 | AR57: Energy star 8.0 REACH RoHS | AS57: 1Y OnSite Service Accidental Damage Protection + 2Y OnSite Service
A58: =IF(ISBLANK(I58),"",H58) -> 90PF03Y2-M004M0 | B58: =IF(ISBLANK(I58),"",I58) -> D500TE-580500035X | C58: =IF(ISBLANK(I58),"",IF(LEFT(H58, 4) = "90PF",_xlfn.XLOOKUP(B58,'Auto-PF'!$A$2:$A$500,'Auto-PF'!$B$2:$B$500,"Not found",0),_xlfn.XLOOKUP(LEFT(B58,5),'MKT name rule'!$B$2:$B$322,'MKT name rule'!$C$2:$C$322, "Not found"))) -> Not found Tower | D58: Exceptional small-business value | E58: - High expandability with Tower 27L with Reliable Performance - Comprehensive I/O Port with connectivity up to 3 monitor display - Military Grade Certified with Business Security 3 years Onsite service (include 1Y Accidental Damage Protection) | H58: 90PF03Y2-M004M0 | I58: D500TE-580500035X | J58: VSPF03Y1-BU0020 | K58: 27L | L58: Black | M58: Tower | N58: Windows 11 Home | P58: Intel® Core™ i5-13400 Processor 2.5GHz (20MB Cache, up to 4.6GHz, 10 cores, 16 Threads) N/A | R58: Intel® B760 Chipset | S58: 8GB DDR4 U-DIMM | T58: Memory speed is 3200MHz, but clock down by processor setting. | U58: 64GB | W58: Intel® UHD Graphics | X58: 512GB M.2 2280 NVMe™ PCIe® 4.0 SSD | Y58: DVD writer 8X | Z58: Intel WGI219V 10/100/1000 Mbps, non-vPro | AA58: High Definition 7.1 Channel Audio | AB58: Wi-Fi 6(802.11ax) (Dual band) 2*2 + Bluetooth® 5.2 Wireless Card | AC58: 500W power supply (80+ Bronze, peak 550W) | AD58: 1x RJ45 Gigabit Ethernet 1x HDMI 1.4 1x VGA Port 1x Displayport 1.4 2x PS2 3 x Audio jacks 2x USB 2.0 Type-A 2x USB 3.2 Gen 1 Type-A | AE58: 1x Headphone 1x MIC in 2x USB 2.0 Type-A 2x USB 3.2 Gen 1 Type-A 1x 2 in 1 card reader SD / MMC 1x Smart card reader | AF58: 3.5" x 2 | AG58: 4 x SATA 6.0Gb/s ports | AH58: 2x M.2 connector for storage 1x PCIe® 4.0 x 16 2x PCIe® 3.0 x 1 1x M.2 connector for WiFi 2x DDR4 U-DIMM slot | AI58: Wired keyboard (USB) Wired optical mouse (USB) | AJ58: 1 x COM port 1 x Parallel port 3.5" HDD assembly kit | AK58: 17.60 x 39.30 x 38.50 cm (6.93" x 15.47" x 15.16") | AL58: 07.70 kg (16.98 lbs) | AM58: Fan profile AppDeals Link to MyASUS | AN58: MyASUS_x000D_ ASUS Business Manager | AO58: HDD User Password Protection and Security Kensington Security Slot™(7x 3mm) McAfee® 30 days free trial Padlock loop Trusted Platform Module (Firmware TPM) | AP58: McAfee® 30 days free trial | AQ58: Trusted Platform Module (TPM) 2.0 | AR58: Energy star 8.0 REACH RoHS | AS58: 1Y OnSite Service Accidental Damage Protection + 2Y OnSite Service
A59: =IF(ISBLANK(I59),"",H59) -> 90PF03Y2-M02LM0 | B59: =IF(ISBLANK(I59),"",I59) -> D500TE-585000032W | C59: =IF(ISBLANK(I59),"",IF(LEFT(H59, 4) = "90PF",_xlfn.XLOOKUP(B59,'Auto-PF'!$A$2:$A$500,'Auto-PF'!$B$2:$B$500,"Not found",0),_xlfn.XLOOKUP(LEFT(B59,5),'MKT name rule'!$B$2:$B$322,'MKT name rule'!$C$2:$C$322, "Not found"))) -> Not found Tower | D59: Exceptional small-business value | E59: - High expandability with Tower 27L with Reliable Performance - Comprehensive I/O Port with connectivity up to 3 monitor display - Military Grade Certified with Business Security 3 years Onsite service (include 1Y Accidental Damage Protection) | H59: 90PF03Y2-M02LM0 | I59: D500TE-585000032W | J59: VSPF03Y1-BU0020 | K59: 27L | L59: Black | M59: Tower | N59: Windows 11 Home | P59: Intel® Core™ i5-13500 Processor 2.5GHz (24M Cache, up to 4.8GHz, 14 cores) N/A | R59: Intel® B760 Chipset | S59: 8GB DDR4 U-DIMM | T59: Memory speed is 3200MHz, but clock down by processor setting. | U59: 64GB | W59: Intel® UHD Graphics 770 | X59: 512GB M.2 2280 NVMe™ PCIe® 4.0 SSD | Z59: Intel WGI219V 10/100/1000 Mbps, non-vPro | AA59: High Definition 7.1 Channel Audio | AB59: Wi-Fi 6(802.11ax) (Dual band) 2*2 + Bluetooth® 5.2 Wireless Card | AC59: 200W power supply (80+ Bronze, peak 250W) | AD59: 1x RJ45 Gigabit Ethernet 1x HDMI 1.4 1x VGA Port 1x Displayport 1.4 2x PS2 3 x Audio jacks 2x USB 2.0 Type-A 2x USB 3.2 Gen 1 Type-A | AE59: 1x Headphone 1x MIC in 2x USB 2.0 Type-A 2x USB 3.2 Gen 1 Type-A 1x Headphone 1x Mic in 2x USB 2.0 Type-A 2x USB 3.2 Gen 1 Type-A 1x 2 in 1 card reader SD / MMC 1x Smart card reader | AF59: 3.5" x 2 | AG59: 4 x SATA 6.0Gb/s ports | AH59: 1x PCIe® 4.0 x 16 2x PCIe® 3.0 x 1 1x M.2 connector for WiFi 2x M.2 2280 connector for storage 2x DDR4 U-DIMM slot | AI59: Wired Keyboard (USB) with Antimicrobial Guard Technology Wired optical Mouse (USB) with Antimicrobial Guard Technology | AJ59: 1 x COM port 1 x Parallel port 3.5" HDD assembly kit M.2 2280 SSD assembly kit | AK59: 17.60 x 39.30 x 38.50 cm (6.93" x 15.47" x 15.16") | AL59: 07.70 kg (16.98 lbs) | AM59: Fan profile AppDeals Link to MyASUS | AN59: MyASUS_x000D_ ASUS Business Manager | AO59: HDD User Password Protection and Security Kensington Security Slot™(7x 3mm) McAfee® 30 days free trial Padlock loop Trusted Platform Module (Firmware TPM) | AP59: McAfee® 30 days free trial | AQ59: Trusted Platform Module (TPM) 2.0 | AR59: Energy star 8.0 REACH RoHS | AS59: 1Y OnSite Service Accidental Damage Protection + 2Y OnSite Service
A60: =IF(ISBLANK(I60),"",H60) -> 90PF03Y2-M02LN0 | B60: =IF(ISBLANK(I60),"",I60) -> D500TE-585000032X | C60: =IF(ISBLANK(I60),"",IF(LEFT(H60, 4) = "90PF",_xlfn.XLOOKUP(B60,'Auto-PF'!$A$2:$A$500,'Auto-PF'!$B$2:$B$500,"Not found",0),_xlfn.XLOOKUP(LEFT(B60,5),'MKT name rule'!$B$2:$B$322,'MKT name rule'!$C$2:$C$322, "Not found"))) -> Not found Tower | D60: Exceptional small-business value | E60: - High expandability with Tower 27L with Reliable Performance - Comprehensive I/O Port with connectivity up to 3 monitor display - Military Grade Certified with Business Security 3 years Onsite service (include 1Y Accidental Damage Protection) | H60: 90PF03Y2-M02LN0 | I60: D500TE-585000032X | J60: VSPF03Y1-BU0020 | K60: 27L | L60: Black | M60: Tower | N60: Windows 11 Home | P60: Intel® Core™ i5-13500 Processor 2.5GHz (24M Cache, up to 4.8GHz, 14 cores) N/A | R60: Intel® B760 Chipset | S60: 8GB DDR4 U-DIMM | T60: Memory speed is 3200MHz, but clock down by processor setting. | U60: 64GB | W60: Intel® UHD Graphics 770 | X60: 512GB M.2 2280 NVMe™ PCIe® 4.0 SSD | Z60: Intel WGI219V 10/100/1000 Mbps, non-vPro | AA60: High Definition 7.1 Channel Audio | AB60: Wi-Fi 6(802.11ax) (Dual band) 2*2 + Bluetooth® 5.2 Wireless Card | AC60: 200W power supply (80+ Bronze, peak 250W) | AD60: 1x RJ45 Gigabit Ethernet 1x HDMI 1.4 1x VGA Port 1x Displayport 1.4 2x PS2 3 x Audio jacks 2x USB 2.0 Type-A 2x USB 3.2 Gen 1 Type-A | AE60: 1x Headphone 1x MIC in 2x USB 2.0 Type-A 2x USB 3.2 Gen 1 Type-A 1x Headphone 1x Mic in 2x USB 2.0 Type-A 2x USB 3.2 Gen 1 Type-A 1x 2 in 1 card reader SD / MMC 1x Smart card reader | AF60: 3.5" x 2 | AG60: 4 x SATA 6.0Gb/s ports | AH60: 1x PCIe® 4.0 x 16 2x PCIe® 3.0 x 1 1x M.2 connector for WiFi 2x M.2 2280 connector for storage 2x DDR4 U-DIMM slot | AI60: Wired Keyboard (USB) with Antimicrobial Guard Technology Wired optical Mouse (USB) with Antimicrobial Guard Technology | AJ60: 1 x COM port 1 x Parallel port 3.5" HDD assembly kit M.2 2280 SSD assembly kit | AK60: 17.60 x 39.30 x 38.50 cm (6.93" x 15.47" x 15.16") | AL60: 07.70 kg (16.98 lbs) | AM60: Fan profile AppDeals Link to MyASUS | AN60: MyASUS_x000D_ ASUS Business Manager | AO60: HDD User Password Protection and Security Kensington Security Slot™(7x 3mm) McAfee® 30 days free trial Padlock loop Trusted Platform Module (Firmware TPM) | AP60: McAfee® 30 days free trial | AQ60: Trusted Platform Module (TPM) 2.0 | AR60: Energy star 8.0 REACH RoHS | AS60: 1Y OnSite Service Accidental Damage Protection + 2Y OnSite Service
